pdb_id,pqr_ok,pqr_method,pqr_atoms,pqr_nonzero_charges,pqr_sum_abs_charge,ligand_ok,ligand_atoms,ligand_nonzero_charges,ligand_sum_abs_charge,error,pqr_path,ligand_mol2
7GBZ,True,existing,4684,4684,1165.314399999999,True,16,14,1.3908,,/home/mohamed/Studies/stage/TrabajoInvestigacion/data_urv/pdbbind_like/URV/pqr/7GBZ_pocket.pqr,/home/mohamed/Studies/stage/TrabajoInvestigacion/data_urv/pdbbind_like/URV/refined/7GBZ/7GBZ_ligand.mol2
7GHB,True,existing,4699,4699,1169.689999999999,True,26,26,2.7703,,/home/mohamed/Studies/stage/TrabajoInvestigacion/data_urv/pdbbind_like/URV/pqr/7GHB_pocket.pqr,/home/mohamed/Studies/stage/TrabajoInvestigacion/data_urv/pdbbind_like/URV/refined/7GHB/7GHB_ligand.mol2
7GBV,True,existing,4671,4671,1159.1796,True,20,20,1.5894000000000001,,/home/mohamed/Studies/stage/TrabajoInvestigacion/data_urv/pdbbind_like/URV/pqr/7GBV_pocket.pqr,/home/mohamed/Studies/stage/TrabajoInvestigacion/data_urv/pdbbind_like/URV/refined/7GBV/7GBV_ligand.mol2
7GBS,True,existing,4684,4684,1164.9851999999998,True,18,18,1.8265999999999998,,/home/mohamed/Studies/stage/TrabajoInvestigacion/data_urv/pdbbind_like/URV/pqr/7GBS_pocket.pqr,/home/mohamed/Studies/stage/TrabajoInvestigacion/data_urv/pdbbind_like/URV/refined/7GBS/7GBS_ligand.mol2
7GEK,True,existing,4671,4671,1159.1796,True,17,17,2.0921,,/home/mohamed/Studies/stage/TrabajoInvestigacion/data_urv/pdbbind_like/URV/pqr/7GEK_pocket.pqr,/home/mohamed/Studies/stage/TrabajoInvestigacion/data_urv/pdbbind_like/URV/refined/7GEK/7GEK_ligand.mol2
7GL6,True,existing,4665,4665,1155.0534000000002,True,24,23,2.1254,,/home/mohamed/Studies/stage/TrabajoInvestigacion/data_urv/pdbbind_like/URV/pqr/7GL6_pocket.pqr,/home/mohamed/Studies/stage/TrabajoInvestigacion/data_urv/pdbbind_like/URV/refined/7GL6/7GL6_ligand.mol2
7GBL,True,existing,4684,4684,1164.9851999999998,True,22,22,3.182400000000001,,/home/mohamed/Studies/stage/TrabajoInvestigacion/data_urv/pdbbind_like/URV/pqr/7GBL_pocket.pqr,/home/mohamed/Studies/stage/TrabajoInvestigacion/data_urv/pdbbind_like/URV/refined/7GBL/7GBL_ligand.mol2
7GH1,True,existing,4684,4684,1165.2211999999993,True,26,25,2.7588999999999997,,/home/mohamed/Studies/stage/TrabajoInvestigacion/data_urv/pdbbind_like/URV/pqr/7GH1_pocket.pqr,/home/mohamed/Studies/stage/TrabajoInvestigacion/data_urv/pdbbind_like/URV/refined/7GH1/7GH1_ligand.mol2
7GEL,True,existing,4687,4687,1165.3431999999993,True,20,20,2.1683,,/home/mohamed/Studies/stage/TrabajoInvestigacion/data_urv/pdbbind_like/URV/pqr/7GEL_pocket.pqr,/home/mohamed/Studies/stage/TrabajoInvestigacion/data_urv/pdbbind_like/URV/refined/7GEL/7GEL_ligand.mol2
7GGL,True,existing,4671,4671,1159.1796,True,24,23,1.7481000000000002,,/home/mohamed/Studies/stage/TrabajoInvestigacion/data_urv/pdbbind_like/URV/pqr/7GGL_pocket.pqr,/home/mohamed/Studies/stage/TrabajoInvestigacion/data_urv/pdbbind_like/URV/refined/7GGL/7GGL_ligand.mol2
7GFD,True,existing,4671,4671,1159.1796,True,25,25,3.3668999999999993,,/home/mohamed/Studies/stage/TrabajoInvestigacion/data_urv/pdbbind_like/URV/pqr/7GFD_pocket.pqr,/home/mohamed/Studies/stage/TrabajoInvestigacion/data_urv/pdbbind_like/URV/refined/7GFD/7GFD_ligand.mol2
7GMZ,True,existing,4676,4676,1156.7878000000007,True,26,26,2.913900000000001,,/home/mohamed/Studies/stage/TrabajoInvestigacion/data_urv/pdbbind_like/URV/pqr/7GMZ_pocket.pqr,/home/mohamed/Studies/stage/TrabajoInvestigacion/data_urv/pdbbind_like/URV/refined/7GMZ/7GMZ_ligand.mol2
7GEZ,True,existing,4671,4671,1159.1796,True,23,22,3.0049000000000006,,/home/mohamed/Studies/stage/TrabajoInvestigacion/data_urv/pdbbind_like/URV/pqr/7GEZ_pocket.pqr,/home/mohamed/Studies/stage/TrabajoInvestigacion/data_urv/pdbbind_like/URV/refined/7GEZ/7GEZ_ligand.mol2
7GF2,True,existing,4687,4687,1165.3431999999993,True,21,21,2.0595,,/home/mohamed/Studies/stage/TrabajoInvestigacion/data_urv/pdbbind_like/URV/pqr/7GF2_pocket.pqr,/home/mohamed/Studies/stage/TrabajoInvestigacion/data_urv/pdbbind_like/URV/refined/7GF2/7GF2_ligand.mol2
7GH5,True,existing,4684,4684,1164.8206000000002,True,18,18,1.7902,,/home/mohamed/Studies/stage/TrabajoInvestigacion/data_urv/pdbbind_like/URV/pqr/7GH5_pocket.pqr,/home/mohamed/Studies/stage/TrabajoInvestigacion/data_urv/pdbbind_like/URV/refined/7GH5/7GH5_ligand.mol2
5RGX,True,existing,4684,4684,1164.8206000000002,True,19,19,1.8033,,/home/mohamed/Studies/stage/TrabajoInvestigacion/data_urv/pdbbind_like/URV/pqr/5RGX_pocket.pqr,/home/mohamed/Studies/stage/TrabajoInvestigacion/data_urv/pdbbind_like/URV/refined/5RGX/5RGX_ligand.mol2
7GCK,True,existing,4671,4671,1159.1796,True,23,23,3.5058999999999996,,/home/mohamed/Studies/stage/TrabajoInvestigacion/data_urv/pdbbind_like/URV/pqr/7GCK_pocket.pqr,/home/mohamed/Studies/stage/TrabajoInvestigacion/data_urv/pdbbind_like/URV/refined/7GCK/7GCK_ligand.mol2
5RGV,True,existing,4684,4684,1164.8206000000002,True,20,18,1.3896,,/home/mohamed/Studies/stage/TrabajoInvestigacion/data_urv/pdbbind_like/URV/pqr/5RGV_pocket.pqr,/home/mohamed/Studies/stage/TrabajoInvestigacion/data_urv/pdbbind_like/URV/refined/5RGV/5RGV_ligand.mol2
8DII,True,existing,4638,4638,1148.1314000000018,True,25,24,2.7687000000000004,,/home/mohamed/Studies/stage/TrabajoInvestigacion/data_urv/pdbbind_like/URV/pqr/8DII_pocket.pqr,/home/mohamed/Studies/stage/TrabajoInvestigacion/data_urv/pdbbind_like/URV/refined/8DII/8DII_ligand.mol2
7GH7,True,existing,4684,4684,1164.8206000000002,True,20,20,1.8050000000000004,,/home/mohamed/Studies/stage/TrabajoInvestigacion/data_urv/pdbbind_like/URV/pqr/7GH7_pocket.pqr,/home/mohamed/Studies/stage/TrabajoInvestigacion/data_urv/pdbbind_like/URV/refined/7GH7/7GH7_ligand.mol2
7GEY,True,existing,4671,4671,1159.1796,True,17,17,1.6667,,/home/mohamed/Studies/stage/TrabajoInvestigacion/data_urv/pdbbind_like/URV/pqr/7GEY_pocket.pqr,/home/mohamed/Studies/stage/TrabajoInvestigacion/data_urv/pdbbind_like/URV/refined/7GEY/7GEY_ligand.mol2
7GB5,True,existing,4684,4684,1164.9851999999998,True,17,17,1.5783000000000003,,/home/mohamed/Studies/stage/TrabajoInvestigacion/data_urv/pdbbind_like/URV/pqr/7GB5_pocket.pqr,/home/mohamed/Studies/stage/TrabajoInvestigacion/data_urv/pdbbind_like/URV/refined/7GB5/7GB5_ligand.mol2
7GH3,True,existing,4671,4671,1159.1796,True,18,18,1.9156000000000002,,/home/mohamed/Studies/stage/TrabajoInvestigacion/data_urv/pdbbind_like/URV/pqr/7GH3_pocket.pqr,/home/mohamed/Studies/stage/TrabajoInvestigacion/data_urv/pdbbind_like/URV/refined/7GH3/7GH3_ligand.mol2
7GCQ,True,existing,4684,4684,1164.9851999999998,True,18,18,2.0342,,/home/mohamed/Studies/stage/TrabajoInvestigacion/data_urv/pdbbind_like/URV/pqr/7GCQ_pocket.pqr,/home/mohamed/Studies/stage/TrabajoInvestigacion/data_urv/pdbbind_like/URV/refined/7GCQ/7GCQ_ligand.mol2
7GBI,True,existing,4702,4702,1169.8863999999987,True,21,21,2.9265,,/home/mohamed/Studies/stage/TrabajoInvestigacion/data_urv/pdbbind_like/URV/pqr/7GBI_pocket.pqr,/home/mohamed/Studies/stage/TrabajoInvestigacion/data_urv/pdbbind_like/URV/refined/7GBI/7GBI_ligand.mol2
7GFP,True,existing,4671,4671,1159.1796,True,23,22,2.5391,,/home/mohamed/Studies/stage/TrabajoInvestigacion/data_urv/pdbbind_like/URV/pqr/7GFP_pocket.pqr,/home/mohamed/Studies/stage/TrabajoInvestigacion/data_urv/pdbbind_like/URV/refined/7GFP/7GFP_ligand.mol2
7GET,True,existing,4671,4671,1159.1796,True,23,18,1.5782000000000003,,/home/mohamed/Studies/stage/TrabajoInvestigacion/data_urv/pdbbind_like/URV/pqr/7GET_pocket.pqr,/home/mohamed/Studies/stage/TrabajoInvestigacion/data_urv/pdbbind_like/URV/refined/7GET/7GET_ligand.mol2
7GGM,True,existing,4671,4671,1159.1796,True,21,20,1.9800000000000004,,/home/mohamed/Studies/stage/TrabajoInvestigacion/data_urv/pdbbind_like/URV/pqr/7GGM_pocket.pqr,/home/mohamed/Studies/stage/TrabajoInvestigacion/data_urv/pdbbind_like/URV/refined/7GGM/7GGM_ligand.mol2
7GKA,True,existing,4615,4615,1143.9338000000016,True,23,22,1.7424000000000002,,/home/mohamed/Studies/stage/TrabajoInvestigacion/data_urv/pdbbind_like/URV/pqr/7GKA_pocket.pqr,/home/mohamed/Studies/stage/TrabajoInvestigacion/data_urv/pdbbind_like/URV/refined/7GKA/7GKA_ligand.mol2
7GFJ,True,existing,4671,4671,1159.1796,True,34,34,3.804000000000001,,/home/mohamed/Studies/stage/TrabajoInvestigacion/data_urv/pdbbind_like/URV/pqr/7GFJ_pocket.pqr,/home/mohamed/Studies/stage/TrabajoInvestigacion/data_urv/pdbbind_like/URV/refined/7GFJ/7GFJ_ligand.mol2
7GDZ,True,existing,4684,4684,1165.314399999999,True,20,20,2.5151000000000003,,/home/mohamed/Studies/stage/TrabajoInvestigacion/data_urv/pdbbind_like/URV/pqr/7GDZ_pocket.pqr,/home/mohamed/Studies/stage/TrabajoInvestigacion/data_urv/pdbbind_like/URV/refined/7GDZ/7GDZ_ligand.mol2
7GGB,True,existing,4671,4671,1159.1796,True,25,25,2.4404000000000003,,/home/mohamed/Studies/stage/TrabajoInvestigacion/data_urv/pdbbind_like/URV/pqr/7GGB_pocket.pqr,/home/mohamed/Studies/stage/TrabajoInvestigacion/data_urv/pdbbind_like/URV/refined/7GGB/7GGB_ligand.mol2
7GES,True,existing,4671,4671,1159.1796,True,22,21,1.7372999999999998,,/home/mohamed/Studies/stage/TrabajoInvestigacion/data_urv/pdbbind_like/URV/pqr/7GES_pocket.pqr,/home/mohamed/Studies/stage/TrabajoInvestigacion/data_urv/pdbbind_like/URV/refined/7GES/7GES_ligand.mol2
7GBD,True,existing,4684,4684,1165.1497999999995,True,23,23,3.6216999999999997,,/home/mohamed/Studies/stage/TrabajoInvestigacion/data_urv/pdbbind_like/URV/pqr/7GBD_pocket.pqr,/home/mohamed/Studies/stage/TrabajoInvestigacion/data_urv/pdbbind_like/URV/refined/7GBD/7GBD_ligand.mol2
7GG8,True,existing,4671,4671,1159.1796,True,21,21,1.9919,,/home/mohamed/Studies/stage/TrabajoInvestigacion/data_urv/pdbbind_like/URV/pqr/7GG8_pocket.pqr,/home/mohamed/Studies/stage/TrabajoInvestigacion/data_urv/pdbbind_like/URV/refined/7GG8/7GG8_ligand.mol2
7GKZ,True,existing,4597,4597,1138.6688000000017,True,23,23,2.9645,,/home/mohamed/Studies/stage/TrabajoInvestigacion/data_urv/pdbbind_like/URV/pqr/7GKZ_pocket.pqr,/home/mohamed/Studies/stage/TrabajoInvestigacion/data_urv/pdbbind_like/URV/refined/7GKZ/7GKZ_ligand.mol2
7GF6,True,existing,4671,4671,1159.1796,True,27,27,2.3975000000000004,,/home/mohamed/Studies/stage/TrabajoInvestigacion/data_urv/pdbbind_like/URV/pqr/7GF6_pocket.pqr,/home/mohamed/Studies/stage/TrabajoInvestigacion/data_urv/pdbbind_like/URV/refined/7GF6/7GF6_ligand.mol2
7DDC,True,existing,4608,4608,1142.067000000002,True,33,33,4.929199999999999,,/home/mohamed/Studies/stage/TrabajoInvestigacion/data_urv/pdbbind_like/URV/pqr/7DDC_pocket.pqr,/home/mohamed/Studies/stage/TrabajoInvestigacion/data_urv/pdbbind_like/URV/refined/7DDC/7DDC_ligand.mol2
7GH0,True,existing,4671,4671,1159.1796,True,25,24,3.5454000000000003,,/home/mohamed/Studies/stage/TrabajoInvestigacion/data_urv/pdbbind_like/URV/pqr/7GH0_pocket.pqr,/home/mohamed/Studies/stage/TrabajoInvestigacion/data_urv/pdbbind_like/URV/refined/7GH0/7GH0_ligand.mol2
7GDI,True,existing,4671,4671,1159.1796,True,18,18,1.5974000000000002,,/home/mohamed/Studies/stage/TrabajoInvestigacion/data_urv/pdbbind_like/URV/pqr/7GDI_pocket.pqr,/home/mohamed/Studies/stage/TrabajoInvestigacion/data_urv/pdbbind_like/URV/refined/7GDI/7GDI_ligand.mol2
7GHE,True,existing,4684,4684,1165.1497999999995,True,25,25,2.6391000000000004,,/home/mohamed/Studies/stage/TrabajoInvestigacion/data_urv/pdbbind_like/URV/pqr/7GHE_pocket.pqr,/home/mohamed/Studies/stage/TrabajoInvestigacion/data_urv/pdbbind_like/URV/refined/7GHE/7GHE_ligand.mol2
5RH3,True,existing,4684,4684,1164.9851999999998,True,19,19,1.5877000000000001,,/home/mohamed/Studies/stage/TrabajoInvestigacion/data_urv/pdbbind_like/URV/pqr/5RH3_pocket.pqr,/home/mohamed/Studies/stage/TrabajoInvestigacion/data_urv/pdbbind_like/URV/refined/5RH3/5RH3_ligand.mol2
7GGC,True,existing,4671,4671,1159.1796000000004,True,26,26,3.0738,,/home/mohamed/Studies/stage/TrabajoInvestigacion/data_urv/pdbbind_like/URV/pqr/7GGC_pocket.pqr,/home/mohamed/Studies/stage/TrabajoInvestigacion/data_urv/pdbbind_like/URV/refined/7GGC/7GGC_ligand.mol2
7GBN,True,existing,4671,4671,1159.3441999999995,True,23,23,3.9945,,/home/mohamed/Studies/stage/TrabajoInvestigacion/data_urv/pdbbind_like/URV/pqr/7GBN_pocket.pqr,/home/mohamed/Studies/stage/TrabajoInvestigacion/data_urv/pdbbind_like/URV/refined/7GBN/7GBN_ligand.mol2
7GF5,True,existing,4671,4671,1159.1796,True,23,23,2.5054000000000003,,/home/mohamed/Studies/stage/TrabajoInvestigacion/data_urv/pdbbind_like/URV/pqr/7GF5_pocket.pqr,/home/mohamed/Studies/stage/TrabajoInvestigacion/data_urv/pdbbind_like/URV/refined/7GF5/7GF5_ligand.mol2
5RH2,True,existing,4684,4684,1164.9851999999998,True,18,18,1.5859,,/home/mohamed/Studies/stage/TrabajoInvestigacion/data_urv/pdbbind_like/URV/pqr/5RH2_pocket.pqr,/home/mohamed/Studies/stage/TrabajoInvestigacion/data_urv/pdbbind_like/URV/refined/5RH2/5RH2_ligand.mol2
8R12,True,existing,4705,4705,1167.0163999999993,True,25,25,2.6540999999999992,,/home/mohamed/Studies/stage/TrabajoInvestigacion/data_urv/pdbbind_like/URV/pqr/8R12_pocket.pqr,/home/mohamed/Studies/stage/TrabajoInvestigacion/data_urv/pdbbind_like/URV/refined/8R12/8R12_ligand.mol2
7GE8,True,existing,4684,4684,1165.1497999999995,True,26,26,3.0414000000000003,,/home/mohamed/Studies/stage/TrabajoInvestigacion/data_urv/pdbbind_like/URV/pqr/7GE8_pocket.pqr,/home/mohamed/Studies/stage/TrabajoInvestigacion/data_urv/pdbbind_like/URV/refined/7GE8/7GE8_ligand.mol2
7GFG,True,existing,4671,4671,1159.0150000000003,True,26,26,3.6740999999999997,,/home/mohamed/Studies/stage/TrabajoInvestigacion/data_urv/pdbbind_like/URV/pqr/7GFG_pocket.pqr,/home/mohamed/Studies/stage/TrabajoInvestigacion/data_urv/pdbbind_like/URV/refined/7GFG/7GFG_ligand.mol2
7GEN,True,existing,4687,4687,1165.3431999999993,True,22,22,2.9490000000000003,,/home/mohamed/Studies/stage/TrabajoInvestigacion/data_urv/pdbbind_like/URV/pqr/7GEN_pocket.pqr,/home/mohamed/Studies/stage/TrabajoInvestigacion/data_urv/pdbbind_like/URV/refined/7GEN/7GEN_ligand.mol2
7GKK,True,existing,4615,4615,1143.9338000000016,True,22,22,2.5341,,/home/mohamed/Studies/stage/TrabajoInvestigacion/data_urv/pdbbind_like/URV/pqr/7GKK_pocket.pqr,/home/mohamed/Studies/stage/TrabajoInvestigacion/data_urv/pdbbind_like/URV/refined/7GKK/7GKK_ligand.mol2
7GEU,True,existing,4671,4671,1159.1796,True,21,21,1.6105,,/home/mohamed/Studies/stage/TrabajoInvestigacion/data_urv/pdbbind_like/URV/pqr/7GEU_pocket.pqr,/home/mohamed/Studies/stage/TrabajoInvestigacion/data_urv/pdbbind_like/URV/refined/7GEU/7GEU_ligand.mol2
7GGR,True,existing,4671,4671,1159.0150000000003,True,26,25,2.8637,,/home/mohamed/Studies/stage/TrabajoInvestigacion/data_urv/pdbbind_like/URV/pqr/7GGR_pocket.pqr,/home/mohamed/Studies/stage/TrabajoInvestigacion/data_urv/pdbbind_like/URV/refined/7GGR/7GGR_ligand.mol2
7GGS,True,existing,4671,4671,1159.1796,True,25,25,3.909,,/home/mohamed/Studies/stage/TrabajoInvestigacion/data_urv/pdbbind_like/URV/pqr/7GGS_pocket.pqr,/home/mohamed/Studies/stage/TrabajoInvestigacion/data_urv/pdbbind_like/URV/refined/7GGS/7GGS_ligand.mol2
7GE9,True,existing,4684,4684,1165.1497999999995,True,18,18,1.5200999999999996,,/home/mohamed/Studies/stage/TrabajoInvestigacion/data_urv/pdbbind_like/URV/pqr/7GE9_pocket.pqr,/home/mohamed/Studies/stage/TrabajoInvestigacion/data_urv/pdbbind_like/URV/refined/7GE9/7GE9_ligand.mol2
7B2J,True,existing,4834,4834,1199.309399999997,True,19,19,1.9303999999999997,,/home/mohamed/Studies/stage/TrabajoInvestigacion/data_urv/pdbbind_like/URV/pqr/7B2J_pocket.pqr,/home/mohamed/Studies/stage/TrabajoInvestigacion/data_urv/pdbbind_like/URV/refined/7B2J/7B2J_ligand.mol2
7GFK,True,existing,4671,4671,1159.1796,True,25,25,2.4919000000000002,,/home/mohamed/Studies/stage/TrabajoInvestigacion/data_urv/pdbbind_like/URV/pqr/7GFK_pocket.pqr,/home/mohamed/Studies/stage/TrabajoInvestigacion/data_urv/pdbbind_like/URV/refined/7GFK/7GFK_ligand.mol2
7GKL,True,existing,4608,4608,1142.067000000002,True,21,21,2.5732,,/home/mohamed/Studies/stage/TrabajoInvestigacion/data_urv/pdbbind_like/URV/pqr/7GKL_pocket.pqr,/home/mohamed/Studies/stage/TrabajoInvestigacion/data_urv/pdbbind_like/URV/refined/7GKL/7GKL_ligand.mol2
7GBW,True,existing,4684,4684,1165.1497999999995,True,21,20,1.5877000000000001,,/home/mohamed/Studies/stage/TrabajoInvestigacion/data_urv/pdbbind_like/URV/pqr/7GBW_pocket.pqr,/home/mohamed/Studies/stage/TrabajoInvestigacion/data_urv/pdbbind_like/URV/refined/7GBW/7GBW_ligand.mol2
7GE4,True,existing,4684,4684,1165.1497999999995,True,20,20,2.0469,,/home/mohamed/Studies/stage/TrabajoInvestigacion/data_urv/pdbbind_like/URV/pqr/7GE4_pocket.pqr,/home/mohamed/Studies/stage/TrabajoInvestigacion/data_urv/pdbbind_like/URV/refined/7GE4/7GE4_ligand.mol2
7GFN,True,existing,4671,4671,1159.1796,True,28,28,3.0783000000000005,,/home/mohamed/Studies/stage/TrabajoInvestigacion/data_urv/pdbbind_like/URV/pqr/7GFN_pocket.pqr,/home/mohamed/Studies/stage/TrabajoInvestigacion/data_urv/pdbbind_like/URV/refined/7GFN/7GFN_ligand.mol2
7GGN,True,existing,4671,4671,1159.0150000000003,True,27,27,3.2385999999999995,,/home/mohamed/Studies/stage/TrabajoInvestigacion/data_urv/pdbbind_like/URV/pqr/7GGN_pocket.pqr,/home/mohamed/Studies/stage/TrabajoInvestigacion/data_urv/pdbbind_like/URV/refined/7GGN/7GGN_ligand.mol2
7GID,True,existing,4665,4665,1155.0534000000002,True,20,18,1.4243,,/home/mohamed/Studies/stage/TrabajoInvestigacion/data_urv/pdbbind_like/URV/pqr/7GID_pocket.pqr,/home/mohamed/Studies/stage/TrabajoInvestigacion/data_urv/pdbbind_like/URV/refined/7GID/7GID_ligand.mol2
7GDC,True,existing,4708,4708,1172.8983999999987,True,22,22,2.9286,,/home/mohamed/Studies/stage/TrabajoInvestigacion/data_urv/pdbbind_like/URV/pqr/7GDC_pocket.pqr,/home/mohamed/Studies/stage/TrabajoInvestigacion/data_urv/pdbbind_like/URV/refined/7GDC/7GDC_ligand.mol2
7GFH,True,existing,4671,4671,1159.1796,True,20,20,2.4556000000000004,,/home/mohamed/Studies/stage/TrabajoInvestigacion/data_urv/pdbbind_like/URV/pqr/7GFH_pocket.pqr,/home/mohamed/Studies/stage/TrabajoInvestigacion/data_urv/pdbbind_like/URV/refined/7GFH/7GFH_ligand.mol2
7GGW,True,existing,4671,4671,1159.1796,True,24,24,3.5479,,/home/mohamed/Studies/stage/TrabajoInvestigacion/data_urv/pdbbind_like/URV/pqr/7GGW_pocket.pqr,/home/mohamed/Studies/stage/TrabajoInvestigacion/data_urv/pdbbind_like/URV/refined/7GGW/7GGW_ligand.mol2
7GIA,True,existing,4597,4597,1138.6688000000017,True,21,20,2.0365,,/home/mohamed/Studies/stage/TrabajoInvestigacion/data_urv/pdbbind_like/URV/pqr/7GIA_pocket.pqr,/home/mohamed/Studies/stage/TrabajoInvestigacion/data_urv/pdbbind_like/URV/refined/7GIA/7GIA_ligand.mol2
7GFI,True,existing,4671,4671,1159.0150000000003,True,23,23,2.2771000000000003,,/home/mohamed/Studies/stage/TrabajoInvestigacion/data_urv/pdbbind_like/URV/pqr/7GFI_pocket.pqr,/home/mohamed/Studies/stage/TrabajoInvestigacion/data_urv/pdbbind_like/URV/refined/7GFI/7GFI_ligand.mol2
7GE2,True,existing,4684,4684,1165.1497999999995,True,26,26,3.8047999999999993,,/home/mohamed/Studies/stage/TrabajoInvestigacion/data_urv/pdbbind_like/URV/pqr/7GE2_pocket.pqr,/home/mohamed/Studies/stage/TrabajoInvestigacion/data_urv/pdbbind_like/URV/refined/7GE2/7GE2_ligand.mol2
7GJG,True,existing,4597,4597,1138.6688000000017,True,37,36,4.5813000000000015,,/home/mohamed/Studies/stage/TrabajoInvestigacion/data_urv/pdbbind_like/URV/pqr/7GJG_pocket.pqr,/home/mohamed/Studies/stage/TrabajoInvestigacion/data_urv/pdbbind_like/URV/refined/7GJG/7GJG_ligand.mol2
7GGK,True,existing,4671,4671,1159.1796,True,28,23,1.7632,,/home/mohamed/Studies/stage/TrabajoInvestigacion/data_urv/pdbbind_like/URV/pqr/7GGK_pocket.pqr,/home/mohamed/Studies/stage/TrabajoInvestigacion/data_urv/pdbbind_like/URV/refined/7GGK/7GGK_ligand.mol2
7GEJ,True,existing,4671,4671,1159.1796,True,22,21,1.5349,,/home/mohamed/Studies/stage/TrabajoInvestigacion/data_urv/pdbbind_like/URV/pqr/7GEJ_pocket.pqr,/home/mohamed/Studies/stage/TrabajoInvestigacion/data_urv/pdbbind_like/URV/refined/7GEJ/7GEJ_ligand.mol2
7GJR,True,existing,4608,4608,1142.067000000002,True,29,28,3.3154999999999997,,/home/mohamed/Studies/stage/TrabajoInvestigacion/data_urv/pdbbind_like/URV/pqr/7GJR_pocket.pqr,/home/mohamed/Studies/stage/TrabajoInvestigacion/data_urv/pdbbind_like/URV/refined/7GJR/7GJR_ligand.mol2
7GGG,True,existing,4671,4671,1159.1796,True,26,24,2.7764,,/home/mohamed/Studies/stage/TrabajoInvestigacion/data_urv/pdbbind_like/URV/pqr/7GGG_pocket.pqr,/home/mohamed/Studies/stage/TrabajoInvestigacion/data_urv/pdbbind_like/URV/refined/7GGG/7GGG_ligand.mol2
7RN4,True,existing,4765,4765,1182.818199999998,True,24,24,3.1518000000000006,,/home/mohamed/Studies/stage/TrabajoInvestigacion/data_urv/pdbbind_like/URV/pqr/7RN4_pocket.pqr,/home/mohamed/Studies/stage/TrabajoInvestigacion/data_urv/pdbbind_like/URV/refined/7RN4/7RN4_ligand.mol2
7VTH,True,existing,4574,4574,1128.8000000000034,True,35,35,6.226400000000003,,/home/mohamed/Studies/stage/TrabajoInvestigacion/data_urv/pdbbind_like/URV/pqr/7VTH_pocket.pqr,/home/mohamed/Studies/stage/TrabajoInvestigacion/data_urv/pdbbind_like/URV/refined/7VTH/7VTH_ligand.mol2
7GBX,True,existing,4684,4684,1164.9851999999998,True,20,20,1.8023000000000002,,/home/mohamed/Studies/stage/TrabajoInvestigacion/data_urv/pdbbind_like/URV/pqr/7GBX_pocket.pqr,/home/mohamed/Studies/stage/TrabajoInvestigacion/data_urv/pdbbind_like/URV/refined/7GBX/7GBX_ligand.mol2
7GEI,True,existing,4671,4671,1159.1796,True,20,20,2.0598,,/home/mohamed/Studies/stage/TrabajoInvestigacion/data_urv/pdbbind_like/URV/pqr/7GEI_pocket.pqr,/home/mohamed/Studies/stage/TrabajoInvestigacion/data_urv/pdbbind_like/URV/refined/7GEI/7GEI_ligand.mol2
7GF0,True,existing,4671,4671,1159.1796,True,21,21,2.0627000000000004,,/home/mohamed/Studies/stage/TrabajoInvestigacion/data_urv/pdbbind_like/URV/pqr/7GF0_pocket.pqr,/home/mohamed/Studies/stage/TrabajoInvestigacion/data_urv/pdbbind_like/URV/refined/7GF0/7GF0_ligand.mol2
7GH6,True,existing,4684,4684,1165.1497999999995,True,25,25,3.7557999999999994,,/home/mohamed/Studies/stage/TrabajoInvestigacion/data_urv/pdbbind_like/URV/pqr/7GH6_pocket.pqr,/home/mohamed/Studies/stage/TrabajoInvestigacion/data_urv/pdbbind_like/URV/refined/7GH6/7GH6_ligand.mol2
7GJU,True,existing,4597,4597,1138.6688000000017,True,36,35,4.174999999999998,,/home/mohamed/Studies/stage/TrabajoInvestigacion/data_urv/pdbbind_like/URV/pqr/7GJU_pocket.pqr,/home/mohamed/Studies/stage/TrabajoInvestigacion/data_urv/pdbbind_like/URV/refined/7GJU/7GJU_ligand.mol2
7GGI,True,existing,4671,4671,1159.1796,True,21,21,2.0487,,/home/mohamed/Studies/stage/TrabajoInvestigacion/data_urv/pdbbind_like/URV/pqr/7GGI_pocket.pqr,/home/mohamed/Studies/stage/TrabajoInvestigacion/data_urv/pdbbind_like/URV/refined/7GGI/7GGI_ligand.mol2
7GF1,True,existing,4671,4671,1159.1796,True,20,20,1.5872000000000002,,/home/mohamed/Studies/stage/TrabajoInvestigacion/data_urv/pdbbind_like/URV/pqr/7GF1_pocket.pqr,/home/mohamed/Studies/stage/TrabajoInvestigacion/data_urv/pdbbind_like/URV/refined/7GF1/7GF1_ligand.mol2
7GEW,True,existing,4671,4671,1159.1796,True,21,21,2.0599000000000003,,/home/mohamed/Studies/stage/TrabajoInvestigacion/data_urv/pdbbind_like/URV/pqr/7GEW_pocket.pqr,/home/mohamed/Studies/stage/TrabajoInvestigacion/data_urv/pdbbind_like/URV/refined/7GEW/7GEW_ligand.mol2
7NEO,True,existing,4724,4724,1173.3263999999976,True,21,18,2.6679999999999997,,/home/mohamed/Studies/stage/TrabajoInvestigacion/data_urv/pdbbind_like/URV/pqr/7NEO_pocket.pqr,/home/mohamed/Studies/stage/TrabajoInvestigacion/data_urv/pdbbind_like/URV/refined/7NEO/7NEO_ligand.mol2
7GMP,True,existing,4665,4665,1154.724200000001,True,24,24,2.1866000000000003,,/home/mohamed/Studies/stage/TrabajoInvestigacion/data_urv/pdbbind_like/URV/pqr/7GMP_pocket.pqr,/home/mohamed/Studies/stage/TrabajoInvestigacion/data_urv/pdbbind_like/URV/refined/7GMP/7GMP_ligand.mol2
7RMZ,True,existing,4776,4776,1183.0885999999978,True,27,27,4.537,,/home/mohamed/Studies/stage/TrabajoInvestigacion/data_urv/pdbbind_like/URV/pqr/7RMZ_pocket.pqr,/home/mohamed/Studies/stage/TrabajoInvestigacion/data_urv/pdbbind_like/URV/refined/7RMZ/7RMZ_ligand.mol2
7GK2,True,existing,4608,4608,1142.067000000002,True,35,34,4.1439,,/home/mohamed/Studies/stage/TrabajoInvestigacion/data_urv/pdbbind_like/URV/pqr/7GK2_pocket.pqr,/home/mohamed/Studies/stage/TrabajoInvestigacion/data_urv/pdbbind_like/URV/refined/7GK2/7GK2_ligand.mol2
7RMT,True,existing,4759,4759,1183.3105999999977,True,25,25,4.032500000000001,,/home/mohamed/Studies/stage/TrabajoInvestigacion/data_urv/pdbbind_like/URV/pqr/7RMT_pocket.pqr,/home/mohamed/Studies/stage/TrabajoInvestigacion/data_urv/pdbbind_like/URV/refined/7RMT/7RMT_ligand.mol2
7GGT,True,existing,4671,4671,1159.1796,True,24,24,2.9309,,/home/mohamed/Studies/stage/TrabajoInvestigacion/data_urv/pdbbind_like/URV/pqr/7GGT_pocket.pqr,/home/mohamed/Studies/stage/TrabajoInvestigacion/data_urv/pdbbind_like/URV/refined/7GGT/7GGT_ligand.mol2
7GJS,True,existing,4608,4608,1142.067000000002,True,35,34,3.8590000000000004,,/home/mohamed/Studies/stage/TrabajoInvestigacion/data_urv/pdbbind_like/URV/pqr/7GJS_pocket.pqr,/home/mohamed/Studies/stage/TrabajoInvestigacion/data_urv/pdbbind_like/URV/refined/7GJS/7GJS_ligand.mol2
7GFL,True,existing,4671,4671,1159.1796,True,20,20,1.5056,,/home/mohamed/Studies/stage/TrabajoInvestigacion/data_urv/pdbbind_like/URV/pqr/7GFL_pocket.pqr,/home/mohamed/Studies/stage/TrabajoInvestigacion/data_urv/pdbbind_like/URV/refined/7GFL/7GFL_ligand.mol2
8R11,True,existing,4731,4731,1174.7761999999989,True,22,22,1.7817000000000003,,/home/mohamed/Studies/stage/TrabajoInvestigacion/data_urv/pdbbind_like/URV/pqr/8R11_pocket.pqr,/home/mohamed/Studies/stage/TrabajoInvestigacion/data_urv/pdbbind_like/URV/refined/8R11/8R11_ligand.mol2
7GFS,True,existing,4671,4671,1159.0150000000003,True,24,22,2.177,,/home/mohamed/Studies/stage/TrabajoInvestigacion/data_urv/pdbbind_like/URV/pqr/7GFS_pocket.pqr,/home/mohamed/Studies/stage/TrabajoInvestigacion/data_urv/pdbbind_like/URV/refined/7GFS/7GFS_ligand.mol2
7GFX,True,existing,4671,4671,1159.1796,True,20,20,1.6066000000000005,,/home/mohamed/Studies/stage/TrabajoInvestigacion/data_urv/pdbbind_like/URV/pqr/7GFX_pocket.pqr,/home/mohamed/Studies/stage/TrabajoInvestigacion/data_urv/pdbbind_like/URV/refined/7GFX/7GFX_ligand.mol2
7GGE,True,existing,4671,4671,1159.1796,True,29,28,2.5028,,/home/mohamed/Studies/stage/TrabajoInvestigacion/data_urv/pdbbind_like/URV/pqr/7GGE_pocket.pqr,/home/mohamed/Studies/stage/TrabajoInvestigacion/data_urv/pdbbind_like/URV/refined/7GGE/7GGE_ligand.mol2
7GGX,True,existing,4671,4671,1159.1796,True,26,25,2.7588999999999997,,/home/mohamed/Studies/stage/TrabajoInvestigacion/data_urv/pdbbind_like/URV/pqr/7GGX_pocket.pqr,/home/mohamed/Studies/stage/TrabajoInvestigacion/data_urv/pdbbind_like/URV/refined/7GGX/7GGX_ligand.mol2
7GJ0,True,existing,4608,4608,1142.067000000002,True,32,31,3.9733,,/home/mohamed/Studies/stage/TrabajoInvestigacion/data_urv/pdbbind_like/URV/pqr/7GJ0_pocket.pqr,/home/mohamed/Studies/stage/TrabajoInvestigacion/data_urv/pdbbind_like/URV/refined/7GJ0/7GJ0_ligand.mol2
8CZ7,True,existing,4736,4736,1174.0267999999974,True,29,27,2.8247000000000004,,/home/mohamed/Studies/stage/TrabajoInvestigacion/data_urv/pdbbind_like/URV/pqr/8CZ7_pocket.pqr,/home/mohamed/Studies/stage/TrabajoInvestigacion/data_urv/pdbbind_like/URV/refined/8CZ7/8CZ7_ligand.mol2
7GIF,True,existing,4665,4665,1154.8888000000006,True,21,20,1.8219,,/home/mohamed/Studies/stage/TrabajoInvestigacion/data_urv/pdbbind_like/URV/pqr/7GIF_pocket.pqr,/home/mohamed/Studies/stage/TrabajoInvestigacion/data_urv/pdbbind_like/URV/refined/7GIF/7GIF_ligand.mol2
7GFQ,True,existing,4671,4671,1159.1796,True,21,21,2.5055,,/home/mohamed/Studies/stage/TrabajoInvestigacion/data_urv/pdbbind_like/URV/pqr/7GFQ_pocket.pqr,/home/mohamed/Studies/stage/TrabajoInvestigacion/data_urv/pdbbind_like/URV/refined/7GFQ/7GFQ_ligand.mol2
7GG5,True,existing,4671,4671,1159.1796,True,28,28,3.0903,,/home/mohamed/Studies/stage/TrabajoInvestigacion/data_urv/pdbbind_like/URV/pqr/7GG5_pocket.pqr,/home/mohamed/Studies/stage/TrabajoInvestigacion/data_urv/pdbbind_like/URV/refined/7GG5/7GG5_ligand.mol2
7GIC,True,existing,4665,4665,1154.8888000000006,True,21,20,1.4861,,/home/mohamed/Studies/stage/TrabajoInvestigacion/data_urv/pdbbind_like/URV/pqr/7GIC_pocket.pqr,/home/mohamed/Studies/stage/TrabajoInvestigacion/data_urv/pdbbind_like/URV/refined/7GIC/7GIC_ligand.mol2
7GIT,True,existing,4597,4597,1138.6688000000017,True,24,23,2.1142,,/home/mohamed/Studies/stage/TrabajoInvestigacion/data_urv/pdbbind_like/URV/pqr/7GIT_pocket.pqr,/home/mohamed/Studies/stage/TrabajoInvestigacion/data_urv/pdbbind_like/URV/refined/7GIT/7GIT_ligand.mol2
8SXR,True,existing,4608,4608,1142.7254000000014,True,31,31,3.0617,,/home/mohamed/Studies/stage/TrabajoInvestigacion/data_urv/pdbbind_like/URV/pqr/8SXR_pocket.pqr,/home/mohamed/Studies/stage/TrabajoInvestigacion/data_urv/pdbbind_like/URV/refined/8SXR/8SXR_ligand.mol2
7GCZ,True,existing,4684,4684,1165.1497999999997,True,27,27,2.5229999999999997,,/home/mohamed/Studies/stage/TrabajoInvestigacion/data_urv/pdbbind_like/URV/pqr/7GCZ_pocket.pqr,/home/mohamed/Studies/stage/TrabajoInvestigacion/data_urv/pdbbind_like/URV/refined/7GCZ/7GCZ_ligand.mol2
7GER,True,existing,4671,4671,1159.1796,True,21,21,2.0627000000000004,,/home/mohamed/Studies/stage/TrabajoInvestigacion/data_urv/pdbbind_like/URV/pqr/7GER_pocket.pqr,/home/mohamed/Studies/stage/TrabajoInvestigacion/data_urv/pdbbind_like/URV/refined/7GER/7GER_ligand.mol2
7GE3,True,existing,4671,4671,1159.1796,True,19,19,1.8295000000000001,,/home/mohamed/Studies/stage/TrabajoInvestigacion/data_urv/pdbbind_like/URV/pqr/7GE3_pocket.pqr,/home/mohamed/Studies/stage/TrabajoInvestigacion/data_urv/pdbbind_like/URV/refined/7GE3/7GE3_ligand.mol2
7L10,True,existing,4654,4654,1150.9078000000015,True,29,28,2.2685999999999997,,/home/mohamed/Studies/stage/TrabajoInvestigacion/data_urv/pdbbind_like/URV/pqr/7L10_pocket.pqr,/home/mohamed/Studies/stage/TrabajoInvestigacion/data_urv/pdbbind_like/URV/refined/7L10/7L10_ligand.mol2
7GD3,True,existing,4684,4684,1165.1497999999995,True,31,31,2.955799999999998,,/home/mohamed/Studies/stage/TrabajoInvestigacion/data_urv/pdbbind_like/URV/pqr/7GD3_pocket.pqr,/home/mohamed/Studies/stage/TrabajoInvestigacion/data_urv/pdbbind_like/URV/refined/7GD3/7GD3_ligand.mol2
7GME,True,existing,4665,4665,1155.2180000000003,True,24,24,2.5406,,/home/mohamed/Studies/stage/TrabajoInvestigacion/data_urv/pdbbind_like/URV/pqr/7GME_pocket.pqr,/home/mohamed/Studies/stage/TrabajoInvestigacion/data_urv/pdbbind_like/URV/refined/7GME/7GME_ligand.mol2
7GFC,True,existing,4671,4671,1159.1796000000004,True,29,29,3.6342999999999996,,/home/mohamed/Studies/stage/TrabajoInvestigacion/data_urv/pdbbind_like/URV/pqr/7GFC_pocket.pqr,/home/mohamed/Studies/stage/TrabajoInvestigacion/data_urv/pdbbind_like/URV/refined/7GFC/7GFC_ligand.mol2
7GJW,True,existing,4615,4615,1143.9338000000016,True,37,36,4.708400000000002,,/home/mohamed/Studies/stage/TrabajoInvestigacion/data_urv/pdbbind_like/URV/pqr/7GJW_pocket.pqr,/home/mohamed/Studies/stage/TrabajoInvestigacion/data_urv/pdbbind_like/URV/refined/7GJW/7GJW_ligand.mol2
7GFE,True,existing,4671,4671,1159.1796,True,30,28,3.6904,,/home/mohamed/Studies/stage/TrabajoInvestigacion/data_urv/pdbbind_like/URV/pqr/7GFE_pocket.pqr,/home/mohamed/Studies/stage/TrabajoInvestigacion/data_urv/pdbbind_like/URV/refined/7GFE/7GFE_ligand.mol2
7GNE,True,existing,4665,4665,1154.8888000000006,True,27,27,2.3352999999999997,,/home/mohamed/Studies/stage/TrabajoInvestigacion/data_urv/pdbbind_like/URV/pqr/7GNE_pocket.pqr,/home/mohamed/Studies/stage/TrabajoInvestigacion/data_urv/pdbbind_like/URV/refined/7GNE/7GNE_ligand.mol2
7GCV,True,existing,4684,4684,1165.314399999999,True,24,24,3.3651999999999997,,/home/mohamed/Studies/stage/TrabajoInvestigacion/data_urv/pdbbind_like/URV/pqr/7GCV_pocket.pqr,/home/mohamed/Studies/stage/TrabajoInvestigacion/data_urv/pdbbind_like/URV/refined/7GCV/7GCV_ligand.mol2
7GI4,True,existing,4597,4597,1138.6688000000017,True,24,24,3.3651999999999997,,/home/mohamed/Studies/stage/TrabajoInvestigacion/data_urv/pdbbind_like/URV/pqr/7GI4_pocket.pqr,/home/mohamed/Studies/stage/TrabajoInvestigacion/data_urv/pdbbind_like/URV/refined/7GI4/7GI4_ligand.mol2
7GFR,True,existing,4671,4671,1159.1796,True,21,20,2.0412000000000003,,/home/mohamed/Studies/stage/TrabajoInvestigacion/data_urv/pdbbind_like/URV/pqr/7GFR_pocket.pqr,/home/mohamed/Studies/stage/TrabajoInvestigacion/data_urv/pdbbind_like/URV/refined/7GFR/7GFR_ligand.mol2
7GIK,True,existing,4608,4608,1142.0670000000025,True,23,22,1.9411999999999998,,/home/mohamed/Studies/stage/TrabajoInvestigacion/data_urv/pdbbind_like/URV/pqr/7GIK_pocket.pqr,/home/mohamed/Studies/stage/TrabajoInvestigacion/data_urv/pdbbind_like/URV/refined/7GIK/7GIK_ligand.mol2
7GMX,True,existing,4665,4665,1154.8888000000006,True,26,26,2.6631,,/home/mohamed/Studies/stage/TrabajoInvestigacion/data_urv/pdbbind_like/URV/pqr/7GMX_pocket.pqr,/home/mohamed/Studies/stage/TrabajoInvestigacion/data_urv/pdbbind_like/URV/refined/7GMX/7GMX_ligand.mol2
7GJB,True,existing,4608,4608,1142.067000000002,True,29,28,3.4518000000000004,,/home/mohamed/Studies/stage/TrabajoInvestigacion/data_urv/pdbbind_like/URV/pqr/7GJB_pocket.pqr,/home/mohamed/Studies/stage/TrabajoInvestigacion/data_urv/pdbbind_like/URV/refined/7GJB/7GJB_ligand.mol2
7GFT,True,existing,4671,4671,1159.1796,True,24,22,3.293599999999999,,/home/mohamed/Studies/stage/TrabajoInvestigacion/data_urv/pdbbind_like/URV/pqr/7GFT_pocket.pqr,/home/mohamed/Studies/stage/TrabajoInvestigacion/data_urv/pdbbind_like/URV/refined/7GFT/7GFT_ligand.mol2
7GGJ,True,existing,4671,4671,1159.0150000000003,True,24,24,2.9824999999999995,,/home/mohamed/Studies/stage/TrabajoInvestigacion/data_urv/pdbbind_like/URV/pqr/7GGJ_pocket.pqr,/home/mohamed/Studies/stage/TrabajoInvestigacion/data_urv/pdbbind_like/URV/refined/7GGJ/7GGJ_ligand.mol2
7GB6,True,existing,4684,4684,1164.9851999999998,True,25,22,1.9505,,/home/mohamed/Studies/stage/TrabajoInvestigacion/data_urv/pdbbind_like/URV/pqr/7GB6_pocket.pqr,/home/mohamed/Studies/stage/TrabajoInvestigacion/data_urv/pdbbind_like/URV/refined/7GB6/7GB6_ligand.mol2
7GML,True,existing,4665,4665,1155.0534000000002,True,27,27,2.5801,,/home/mohamed/Studies/stage/TrabajoInvestigacion/data_urv/pdbbind_like/URV/pqr/7GML_pocket.pqr,/home/mohamed/Studies/stage/TrabajoInvestigacion/data_urv/pdbbind_like/URV/refined/7GML/7GML_ligand.mol2
7GK3,True,existing,4615,4615,1143.9338000000016,True,25,24,2.1215,,/home/mohamed/Studies/stage/TrabajoInvestigacion/data_urv/pdbbind_like/URV/pqr/7GK3_pocket.pqr,/home/mohamed/Studies/stage/TrabajoInvestigacion/data_urv/pdbbind_like/URV/refined/7GK3/7GK3_ligand.mol2
7GK5,True,existing,4615,4615,1143.9338000000016,True,23,22,1.7424000000000002,,/home/mohamed/Studies/stage/TrabajoInvestigacion/data_urv/pdbbind_like/URV/pqr/7GK5_pocket.pqr,/home/mohamed/Studies/stage/TrabajoInvestigacion/data_urv/pdbbind_like/URV/refined/7GK5/7GK5_ligand.mol2
7GM3,True,existing,4665,4665,1154.8888000000006,True,25,25,2.0251000000000006,,/home/mohamed/Studies/stage/TrabajoInvestigacion/data_urv/pdbbind_like/URV/pqr/7GM3_pocket.pqr,/home/mohamed/Studies/stage/TrabajoInvestigacion/data_urv/pdbbind_like/URV/refined/7GM3/7GM3_ligand.mol2
7GJ2,True,existing,4608,4608,1142.067000000002,True,34,33,4.488900000000001,,/home/mohamed/Studies/stage/TrabajoInvestigacion/data_urv/pdbbind_like/URV/pqr/7GJ2_pocket.pqr,/home/mohamed/Studies/stage/TrabajoInvestigacion/data_urv/pdbbind_like/URV/refined/7GJ2/7GJ2_ligand.mol2
7GJY,True,existing,4615,4615,1143.9338000000016,True,32,31,3.1836999999999995,,/home/mohamed/Studies/stage/TrabajoInvestigacion/data_urv/pdbbind_like/URV/pqr/7GJY_pocket.pqr,/home/mohamed/Studies/stage/TrabajoInvestigacion/data_urv/pdbbind_like/URV/refined/7GJY/7GJY_ligand.mol2
7GMQ,True,existing,4597,4597,1138.6688000000017,True,27,27,3.060600000000001,,/home/mohamed/Studies/stage/TrabajoInvestigacion/data_urv/pdbbind_like/URV/pqr/7GMQ_pocket.pqr,/home/mohamed/Studies/stage/TrabajoInvestigacion/data_urv/pdbbind_like/URV/refined/7GMQ/7GMQ_ligand.mol2
8YKJ,True,existing,4613,4613,1142.4604000000018,True,34,34,3.3954000000000004,,/home/mohamed/Studies/stage/TrabajoInvestigacion/data_urv/pdbbind_like/URV/pqr/8YKJ_pocket.pqr,/home/mohamed/Studies/stage/TrabajoInvestigacion/data_urv/pdbbind_like/URV/refined/8YKJ/8YKJ_ligand.mol2
7GMR,True,existing,4665,4665,1154.8888000000006,True,26,26,2.8108000000000004,,/home/mohamed/Studies/stage/TrabajoInvestigacion/data_urv/pdbbind_like/URV/pqr/7GMR_pocket.pqr,/home/mohamed/Studies/stage/TrabajoInvestigacion/data_urv/pdbbind_like/URV/refined/7GMR/7GMR_ligand.mol2
7GM0,True,existing,4665,4665,1154.8888000000006,True,33,33,3.7506999999999997,,/home/mohamed/Studies/stage/TrabajoInvestigacion/data_urv/pdbbind_like/URV/pqr/7GM0_pocket.pqr,/home/mohamed/Studies/stage/TrabajoInvestigacion/data_urv/pdbbind_like/URV/refined/7GM0/7GM0_ligand.mol2
7GKJ,True,existing,4615,4615,1143.9338000000016,True,37,36,4.693500000000001,,/home/mohamed/Studies/stage/TrabajoInvestigacion/data_urv/pdbbind_like/URV/pqr/7GKJ_pocket.pqr,/home/mohamed/Studies/stage/TrabajoInvestigacion/data_urv/pdbbind_like/URV/refined/7GKJ/7GKJ_ligand.mol2
7L0D,True,existing,4665,4665,1154.724200000001,True,32,32,3.4071000000000002,,/home/mohamed/Studies/stage/TrabajoInvestigacion/data_urv/pdbbind_like/URV/pqr/7L0D_pocket.pqr,/home/mohamed/Studies/stage/TrabajoInvestigacion/data_urv/pdbbind_like/URV/refined/7L0D/7L0D_ligand.mol2
8CZ4,True,existing,4736,4736,1173.8621999999978,True,31,29,1.9393999999999993,,/home/mohamed/Studies/stage/TrabajoInvestigacion/data_urv/pdbbind_like/URV/pqr/8CZ4_pocket.pqr,/home/mohamed/Studies/stage/TrabajoInvestigacion/data_urv/pdbbind_like/URV/refined/8CZ4/8CZ4_ligand.mol2
8R16,True,existing,4792,4792,1190.067799999998,True,22,22,1.9806000000000004,,/home/mohamed/Studies/stage/TrabajoInvestigacion/data_urv/pdbbind_like/URV/pqr/8R16_pocket.pqr,/home/mohamed/Studies/stage/TrabajoInvestigacion/data_urv/pdbbind_like/URV/refined/8R16/8R16_ligand.mol2
7GKX,True,existing,4615,4615,1144.0984000000012,True,28,27,2.8301999999999996,,/home/mohamed/Studies/stage/TrabajoInvestigacion/data_urv/pdbbind_like/URV/pqr/7GKX_pocket.pqr,/home/mohamed/Studies/stage/TrabajoInvestigacion/data_urv/pdbbind_like/URV/refined/7GKX/7GKX_ligand.mol2
7VIC,True,existing,4608,4608,1142.5608000000018,True,26,26,2.9618999999999995,,/home/mohamed/Studies/stage/TrabajoInvestigacion/data_urv/pdbbind_like/URV/pqr/7VIC_pocket.pqr,/home/mohamed/Studies/stage/TrabajoInvestigacion/data_urv/pdbbind_like/URV/refined/7VIC/7VIC_ligand.mol2
7GMN,True,existing,4665,4665,1155.5472,True,29,29,3.0653000000000015,,/home/mohamed/Studies/stage/TrabajoInvestigacion/data_urv/pdbbind_like/URV/pqr/7GMN_pocket.pqr,/home/mohamed/Studies/stage/TrabajoInvestigacion/data_urv/pdbbind_like/URV/refined/7GMN/7GMN_ligand.mol2
7S4B,True,existing,4682,4682,1160.2532000000003,True,22,21,1.8208,,/home/mohamed/Studies/stage/TrabajoInvestigacion/data_urv/pdbbind_like/URV/pqr/7S4B_pocket.pqr,/home/mohamed/Studies/stage/TrabajoInvestigacion/data_urv/pdbbind_like/URV/refined/7S4B/7S4B_ligand.mol2
7NBT,True,existing,4723,4723,1172.5049999999974,True,22,22,2.1106000000000003,,/home/mohamed/Studies/stage/TrabajoInvestigacion/data_urv/pdbbind_like/URV/pqr/7NBT_pocket.pqr,/home/mohamed/Studies/stage/TrabajoInvestigacion/data_urv/pdbbind_like/URV/refined/7NBT/7NBT_ligand.mol2
7GE1,True,existing,4684,4684,1165.1497999999995,True,27,27,4.6985,,/home/mohamed/Studies/stage/TrabajoInvestigacion/data_urv/pdbbind_like/URV/pqr/7GE1_pocket.pqr,/home/mohamed/Studies/stage/TrabajoInvestigacion/data_urv/pdbbind_like/URV/refined/7GE1/7GE1_ligand.mol2
7GJ6,True,existing,4608,4608,1142.067000000002,True,23,22,2.1149999999999998,,/home/mohamed/Studies/stage/TrabajoInvestigacion/data_urv/pdbbind_like/URV/pqr/7GJ6_pocket.pqr,/home/mohamed/Studies/stage/TrabajoInvestigacion/data_urv/pdbbind_like/URV/refined/7GJ6/7GJ6_ligand.mol2
7GIB,True,existing,4665,4665,1154.8888000000006,True,21,20,1.8190000000000002,,/home/mohamed/Studies/stage/TrabajoInvestigacion/data_urv/pdbbind_like/URV/pqr/7GIB_pocket.pqr,/home/mohamed/Studies/stage/TrabajoInvestigacion/data_urv/pdbbind_like/URV/refined/7GIB/7GIB_ligand.mol2
7GJ1,True,existing,4608,4608,1141.9024000000024,True,22,22,2.2218,,/home/mohamed/Studies/stage/TrabajoInvestigacion/data_urv/pdbbind_like/URV/pqr/7GJ1_pocket.pqr,/home/mohamed/Studies/stage/TrabajoInvestigacion/data_urv/pdbbind_like/URV/refined/7GJ1/7GJ1_ligand.mol2
7GIG,True,existing,4627,4627,1144.9972000000007,True,22,21,1.7957,,/home/mohamed/Studies/stage/TrabajoInvestigacion/data_urv/pdbbind_like/URV/pqr/7GIG_pocket.pqr,/home/mohamed/Studies/stage/TrabajoInvestigacion/data_urv/pdbbind_like/URV/refined/7GIG/7GIG_ligand.mol2
7GKC,True,existing,4608,4608,1142.2316000000017,True,31,30,4.129000000000001,,/home/mohamed/Studies/stage/TrabajoInvestigacion/data_urv/pdbbind_like/URV/pqr/7GKC_pocket.pqr,/home/mohamed/Studies/stage/TrabajoInvestigacion/data_urv/pdbbind_like/URV/refined/7GKC/7GKC_ligand.mol2
7GK4,True,existing,4615,4615,1143.9338000000016,True,23,22,1.6307,,/home/mohamed/Studies/stage/TrabajoInvestigacion/data_urv/pdbbind_like/URV/pqr/7GK4_pocket.pqr,/home/mohamed/Studies/stage/TrabajoInvestigacion/data_urv/pdbbind_like/URV/refined/7GK4/7GK4_ligand.mol2
7GD5,True,existing,4684,4684,1165.3143999999993,True,28,28,2.6595999999999997,,/home/mohamed/Studies/stage/TrabajoInvestigacion/data_urv/pdbbind_like/URV/pqr/7GD5_pocket.pqr,/home/mohamed/Studies/stage/TrabajoInvestigacion/data_urv/pdbbind_like/URV/refined/7GD5/7GD5_ligand.mol2
7GI9,True,existing,4665,4665,1155.0534000000002,True,22,21,2.1991,,/home/mohamed/Studies/stage/TrabajoInvestigacion/data_urv/pdbbind_like/URV/pqr/7GI9_pocket.pqr,/home/mohamed/Studies/stage/TrabajoInvestigacion/data_urv/pdbbind_like/URV/refined/7GI9/7GI9_ligand.mol2
7GG2,True,existing,4671,4671,1159.1796,True,25,24,2.4981,,/home/mohamed/Studies/stage/TrabajoInvestigacion/data_urv/pdbbind_like/URV/pqr/7GG2_pocket.pqr,/home/mohamed/Studies/stage/TrabajoInvestigacion/data_urv/pdbbind_like/URV/refined/7GG2/7GG2_ligand.mol2
7GMI,True,existing,4665,4665,1155.0534000000002,True,25,25,2.5146,,/home/mohamed/Studies/stage/TrabajoInvestigacion/data_urv/pdbbind_like/URV/pqr/7GMI_pocket.pqr,/home/mohamed/Studies/stage/TrabajoInvestigacion/data_urv/pdbbind_like/URV/refined/7GMI/7GMI_ligand.mol2
7GJJ,True,existing,4682,4682,1160.0886000000007,True,32,31,3.1182000000000007,,/home/mohamed/Studies/stage/TrabajoInvestigacion/data_urv/pdbbind_like/URV/pqr/7GJJ_pocket.pqr,/home/mohamed/Studies/stage/TrabajoInvestigacion/data_urv/pdbbind_like/URV/refined/7GJJ/7GJJ_ligand.mol2
7GMH,True,existing,4679,4679,1159.5793999999994,True,24,24,2.5406,,/home/mohamed/Studies/stage/TrabajoInvestigacion/data_urv/pdbbind_like/URV/pqr/7GMH_pocket.pqr,/home/mohamed/Studies/stage/TrabajoInvestigacion/data_urv/pdbbind_like/URV/refined/7GMH/7GMH_ligand.mol2
7GD4,True,existing,4684,4684,1165.1497999999995,True,30,30,2.9558000000000004,,/home/mohamed/Studies/stage/TrabajoInvestigacion/data_urv/pdbbind_like/URV/pqr/7GD4_pocket.pqr,/home/mohamed/Studies/stage/TrabajoInvestigacion/data_urv/pdbbind_like/URV/refined/7GD4/7GD4_ligand.mol2
7GN3,True,existing,4665,4665,1154.8888000000006,True,26,26,2.8108000000000004,,/home/mohamed/Studies/stage/TrabajoInvestigacion/data_urv/pdbbind_like/URV/pqr/7GN3_pocket.pqr,/home/mohamed/Studies/stage/TrabajoInvestigacion/data_urv/pdbbind_like/URV/refined/7GN3/7GN3_ligand.mol2
7GKY,True,existing,4615,4615,1144.0984000000012,True,21,21,2.4048999999999996,,/home/mohamed/Studies/stage/TrabajoInvestigacion/data_urv/pdbbind_like/URV/pqr/7GKY_pocket.pqr,/home/mohamed/Studies/stage/TrabajoInvestigacion/data_urv/pdbbind_like/URV/refined/7GKY/7GKY_ligand.mol2
7GFU,True,existing,4671,4671,1159.1796,True,24,23,2.4477,,/home/mohamed/Studies/stage/TrabajoInvestigacion/data_urv/pdbbind_like/URV/pqr/7GFU_pocket.pqr,/home/mohamed/Studies/stage/TrabajoInvestigacion/data_urv/pdbbind_like/URV/refined/7GFU/7GFU_ligand.mol2
7GJ8,True,existing,4608,4608,1142.067000000002,True,24,23,2.4453,,/home/mohamed/Studies/stage/TrabajoInvestigacion/data_urv/pdbbind_like/URV/pqr/7GJ8_pocket.pqr,/home/mohamed/Studies/stage/TrabajoInvestigacion/data_urv/pdbbind_like/URV/refined/7GJ8/7GJ8_ligand.mol2
7GKG,True,existing,4615,4615,1143.9338000000016,True,24,23,2.0206,,/home/mohamed/Studies/stage/TrabajoInvestigacion/data_urv/pdbbind_like/URV/pqr/7GKG_pocket.pqr,/home/mohamed/Studies/stage/TrabajoInvestigacion/data_urv/pdbbind_like/URV/refined/7GKG/7GKG_ligand.mol2
7GJL,True,existing,4608,4608,1142.067000000002,True,25,24,1.9015,,/home/mohamed/Studies/stage/TrabajoInvestigacion/data_urv/pdbbind_like/URV/pqr/7GJL_pocket.pqr,/home/mohamed/Studies/stage/TrabajoInvestigacion/data_urv/pdbbind_like/URV/refined/7GJL/7GJL_ligand.mol2
7GFO,True,existing,4671,4671,1159.1796,True,30,30,3.241,,/home/mohamed/Studies/stage/TrabajoInvestigacion/data_urv/pdbbind_like/URV/pqr/7GFO_pocket.pqr,/home/mohamed/Studies/stage/TrabajoInvestigacion/data_urv/pdbbind_like/URV/refined/7GFO/7GFO_ligand.mol2
7GII,True,existing,4597,4597,1138.8334000000018,True,30,29,3.0643,,/home/mohamed/Studies/stage/TrabajoInvestigacion/data_urv/pdbbind_like/URV/pqr/7GII_pocket.pqr,/home/mohamed/Studies/stage/TrabajoInvestigacion/data_urv/pdbbind_like/URV/refined/7GII/7GII_ligand.mol2
7RME,True,existing,4730,4730,1174.129399999999,True,27,27,4.537000000000001,,/home/mohamed/Studies/stage/TrabajoInvestigacion/data_urv/pdbbind_like/URV/pqr/7RME_pocket.pqr,/home/mohamed/Studies/stage/TrabajoInvestigacion/data_urv/pdbbind_like/URV/refined/7RME/7RME_ligand.mol2
8R14,True,existing,4795,4795,1182.8989999999978,True,24,24,2.4370000000000003,,/home/mohamed/Studies/stage/TrabajoInvestigacion/data_urv/pdbbind_like/URV/pqr/8R14_pocket.pqr,/home/mohamed/Studies/stage/TrabajoInvestigacion/data_urv/pdbbind_like/URV/refined/8R14/8R14_ligand.mol2
7GKM,True,existing,4615,4615,1143.9338000000016,True,27,26,2.1848,,/home/mohamed/Studies/stage/TrabajoInvestigacion/data_urv/pdbbind_like/URV/pqr/7GKM_pocket.pqr,/home/mohamed/Studies/stage/TrabajoInvestigacion/data_urv/pdbbind_like/URV/refined/7GKM/7GKM_ligand.mol2
7GMO,True,existing,4665,4665,1154.8888000000006,True,30,29,3.0748,,/home/mohamed/Studies/stage/TrabajoInvestigacion/data_urv/pdbbind_like/URV/pqr/7GMO_pocket.pqr,/home/mohamed/Studies/stage/TrabajoInvestigacion/data_urv/pdbbind_like/URV/refined/7GMO/7GMO_ligand.mol2
7GFA,True,existing,4671,4671,1159.1796,True,23,22,2.4898000000000002,,/home/mohamed/Studies/stage/TrabajoInvestigacion/data_urv/pdbbind_like/URV/pqr/7GFA_pocket.pqr,/home/mohamed/Studies/stage/TrabajoInvestigacion/data_urv/pdbbind_like/URV/refined/7GFA/7GFA_ligand.mol2
7GGH,True,existing,4671,4671,1159.1796,True,24,23,1.7425000000000002,,/home/mohamed/Studies/stage/TrabajoInvestigacion/data_urv/pdbbind_like/URV/pqr/7GGH_pocket.pqr,/home/mohamed/Studies/stage/TrabajoInvestigacion/data_urv/pdbbind_like/URV/refined/7GGH/7GGH_ligand.mol2
7GG7,True,existing,4671,4671,1159.1796,True,29,29,2.9938999999999996,,/home/mohamed/Studies/stage/TrabajoInvestigacion/data_urv/pdbbind_like/URV/pqr/7GG7_pocket.pqr,/home/mohamed/Studies/stage/TrabajoInvestigacion/data_urv/pdbbind_like/URV/refined/7GG7/7GG7_ligand.mol2
7GLH,True,existing,4665,4665,1154.8888000000006,True,24,24,2.9187000000000003,,/home/mohamed/Studies/stage/TrabajoInvestigacion/data_urv/pdbbind_like/URV/pqr/7GLH_pocket.pqr,/home/mohamed/Studies/stage/TrabajoInvestigacion/data_urv/pdbbind_like/URV/refined/7GLH/7GLH_ligand.mol2
7GK6,True,existing,4615,4615,1143.9338000000016,True,24,23,2.007,,/home/mohamed/Studies/stage/TrabajoInvestigacion/data_urv/pdbbind_like/URV/pqr/7GK6_pocket.pqr,/home/mohamed/Studies/stage/TrabajoInvestigacion/data_urv/pdbbind_like/URV/refined/7GK6/7GK6_ligand.mol2
7GHM,True,existing,4629,4629,1148.4598000000008,True,30,30,4.7818000000000005,,/home/mohamed/Studies/stage/TrabajoInvestigacion/data_urv/pdbbind_like/URV/pqr/7GHM_pocket.pqr,/home/mohamed/Studies/stage/TrabajoInvestigacion/data_urv/pdbbind_like/URV/refined/7GHM/7GHM_ligand.mol2
7GMT,True,existing,4597,4597,1138.8334000000013,True,24,24,2.2789999999999995,,/home/mohamed/Studies/stage/TrabajoInvestigacion/data_urv/pdbbind_like/URV/pqr/7GMT_pocket.pqr,/home/mohamed/Studies/stage/TrabajoInvestigacion/data_urv/pdbbind_like/URV/refined/7GMT/7GMT_ligand.mol2
7GIV,True,existing,4608,4608,1142.2316000000021,True,24,23,2.3791000000000007,,/home/mohamed/Studies/stage/TrabajoInvestigacion/data_urv/pdbbind_like/URV/pqr/7GIV_pocket.pqr,/home/mohamed/Studies/stage/TrabajoInvestigacion/data_urv/pdbbind_like/URV/refined/7GIV/7GIV_ligand.mol2
7GKD,True,existing,4615,4615,1143.769200000002,True,25,25,2.6675999999999997,,/home/mohamed/Studies/stage/TrabajoInvestigacion/data_urv/pdbbind_like/URV/pqr/7GKD_pocket.pqr,/home/mohamed/Studies/stage/TrabajoInvestigacion/data_urv/pdbbind_like/URV/refined/7GKD/7GKD_ligand.mol2
7P2G,True,existing,4665,4665,1154.724200000001,True,21,21,1.8982,,/home/mohamed/Studies/stage/TrabajoInvestigacion/data_urv/pdbbind_like/URV/pqr/7P2G_pocket.pqr,/home/mohamed/Studies/stage/TrabajoInvestigacion/data_urv/pdbbind_like/URV/refined/7P2G/7P2G_ligand.mol2
7GI6,True,existing,4682,4682,1160.0886000000007,True,27,26,2.6637,,/home/mohamed/Studies/stage/TrabajoInvestigacion/data_urv/pdbbind_like/URV/pqr/7GI6_pocket.pqr,/home/mohamed/Studies/stage/TrabajoInvestigacion/data_urv/pdbbind_like/URV/refined/7GI6/7GI6_ligand.mol2
7GIS,True,existing,4597,4597,1138.6688000000017,True,21,20,2.0266,,/home/mohamed/Studies/stage/TrabajoInvestigacion/data_urv/pdbbind_like/URV/pqr/7GIS_pocket.pqr,/home/mohamed/Studies/stage/TrabajoInvestigacion/data_urv/pdbbind_like/URV/refined/7GIS/7GIS_ligand.mol2
7GIR,True,existing,4615,4615,1144.0984000000012,True,25,24,2.9111,,/home/mohamed/Studies/stage/TrabajoInvestigacion/data_urv/pdbbind_like/URV/pqr/7GIR_pocket.pqr,/home/mohamed/Studies/stage/TrabajoInvestigacion/data_urv/pdbbind_like/URV/refined/7GIR/7GIR_ligand.mol2
7GKH,True,existing,4615,4615,1144.0984000000012,True,24,24,2.192,,/home/mohamed/Studies/stage/TrabajoInvestigacion/data_urv/pdbbind_like/URV/pqr/7GKH_pocket.pqr,/home/mohamed/Studies/stage/TrabajoInvestigacion/data_urv/pdbbind_like/URV/refined/7GKH/7GKH_ligand.mol2
7GIQ,True,existing,4597,4597,1138.6688000000017,True,28,28,3.1723999999999997,,/home/mohamed/Studies/stage/TrabajoInvestigacion/data_urv/pdbbind_like/URV/pqr/7GIQ_pocket.pqr,/home/mohamed/Studies/stage/TrabajoInvestigacion/data_urv/pdbbind_like/URV/refined/7GIQ/7GIQ_ligand.mol2
6M2N,True,existing,4682,4682,1160.2532000000003,True,20,19,3.1695,,/home/mohamed/Studies/stage/TrabajoInvestigacion/data_urv/pdbbind_like/URV/pqr/6M2N_pocket.pqr,/home/mohamed/Studies/stage/TrabajoInvestigacion/data_urv/pdbbind_like/URV/refined/6M2N/6M2N_ligand.mol2
8CYZ,True,existing,4736,4736,1173.8621999999978,True,29,27,2.1072000000000006,,/home/mohamed/Studies/stage/TrabajoInvestigacion/data_urv/pdbbind_like/URV/pqr/8CYZ_pocket.pqr,/home/mohamed/Studies/stage/TrabajoInvestigacion/data_urv/pdbbind_like/URV/refined/8CYZ/8CYZ_ligand.mol2
7GMM,True,existing,4665,4665,1154.8888000000006,True,25,25,2.5144999999999995,,/home/mohamed/Studies/stage/TrabajoInvestigacion/data_urv/pdbbind_like/URV/pqr/7GMM_pocket.pqr,/home/mohamed/Studies/stage/TrabajoInvestigacion/data_urv/pdbbind_like/URV/refined/7GMM/7GMM_ligand.mol2
7GH4,True,existing,4671,4671,1159.0150000000003,True,23,23,2.5211999999999994,,/home/mohamed/Studies/stage/TrabajoInvestigacion/data_urv/pdbbind_like/URV/pqr/7GH4_pocket.pqr,/home/mohamed/Studies/stage/TrabajoInvestigacion/data_urv/pdbbind_like/URV/refined/7GH4/7GH4_ligand.mol2
7GMB,True,existing,4597,4597,1138.6688000000017,True,27,27,3.0606000000000004,,/home/mohamed/Studies/stage/TrabajoInvestigacion/data_urv/pdbbind_like/URV/pqr/7GMB_pocket.pqr,/home/mohamed/Studies/stage/TrabajoInvestigacion/data_urv/pdbbind_like/URV/refined/7GMB/7GMB_ligand.mol2
7GJA,True,existing,4597,4597,1138.5042000000021,True,27,26,3.0759000000000003,,/home/mohamed/Studies/stage/TrabajoInvestigacion/data_urv/pdbbind_like/URV/pqr/7GJA_pocket.pqr,/home/mohamed/Studies/stage/TrabajoInvestigacion/data_urv/pdbbind_like/URV/refined/7GJA/7GJA_ligand.mol2
7GKT,True,existing,4615,4615,1143.9338000000016,True,30,29,3.4362000000000004,,/home/mohamed/Studies/stage/TrabajoInvestigacion/data_urv/pdbbind_like/URV/pqr/7GKT_pocket.pqr,/home/mohamed/Studies/stage/TrabajoInvestigacion/data_urv/pdbbind_like/URV/refined/7GKT/7GKT_ligand.mol2
7GN2,True,existing,4678,4678,1158.5405999999994,True,33,33,3.9966,,/home/mohamed/Studies/stage/TrabajoInvestigacion/data_urv/pdbbind_like/URV/pqr/7GN2_pocket.pqr,/home/mohamed/Studies/stage/TrabajoInvestigacion/data_urv/pdbbind_like/URV/refined/7GN2/7GN2_ligand.mol2
7GJF,True,existing,4682,4682,1160.0886000000007,True,33,32,3.7585999999999995,,/home/mohamed/Studies/stage/TrabajoInvestigacion/data_urv/pdbbind_like/URV/pqr/7GJF_pocket.pqr,/home/mohamed/Studies/stage/TrabajoInvestigacion/data_urv/pdbbind_like/URV/refined/7GJF/7GJF_ligand.mol2
7GIP,True,existing,4597,4597,1138.6688000000017,True,30,29,3.0521,,/home/mohamed/Studies/stage/TrabajoInvestigacion/data_urv/pdbbind_like/URV/pqr/7GIP_pocket.pqr,/home/mohamed/Studies/stage/TrabajoInvestigacion/data_urv/pdbbind_like/URV/refined/7GIP/7GIP_ligand.mol2
7GL7,True,existing,4615,4615,1143.9338000000016,True,31,31,3.9333,,/home/mohamed/Studies/stage/TrabajoInvestigacion/data_urv/pdbbind_like/URV/pqr/7GL7_pocket.pqr,/home/mohamed/Studies/stage/TrabajoInvestigacion/data_urv/pdbbind_like/URV/refined/7GL7/7GL7_ligand.mol2
7GAV,True,existing,4682,4682,1160.2532000000003,True,23,22,2.4959000000000002,,/home/mohamed/Studies/stage/TrabajoInvestigacion/data_urv/pdbbind_like/URV/pqr/7GAV_pocket.pqr,/home/mohamed/Studies/stage/TrabajoInvestigacion/data_urv/pdbbind_like/URV/refined/7GAV/7GAV_ligand.mol2
7GN0,True,existing,4665,4665,1155.0534000000002,True,33,32,4.2778,,/home/mohamed/Studies/stage/TrabajoInvestigacion/data_urv/pdbbind_like/URV/pqr/7GN0_pocket.pqr,/home/mohamed/Studies/stage/TrabajoInvestigacion/data_urv/pdbbind_like/URV/refined/7GN0/7GN0_ligand.mol2
7GIO,True,existing,4608,4608,1142.067000000002,True,23,22,1.7391,,/home/mohamed/Studies/stage/TrabajoInvestigacion/data_urv/pdbbind_like/URV/pqr/7GIO_pocket.pqr,/home/mohamed/Studies/stage/TrabajoInvestigacion/data_urv/pdbbind_like/URV/refined/7GIO/7GIO_ligand.mol2
7GMK,True,existing,4676,4676,1156.7878000000007,True,24,24,2.1863999999999995,,/home/mohamed/Studies/stage/TrabajoInvestigacion/data_urv/pdbbind_like/URV/pqr/7GMK_pocket.pqr,/home/mohamed/Studies/stage/TrabajoInvestigacion/data_urv/pdbbind_like/URV/refined/7GMK/7GMK_ligand.mol2
7GDD,True,existing,4714,4714,1171.8011999999983,True,21,20,1.5783,,/home/mohamed/Studies/stage/TrabajoInvestigacion/data_urv/pdbbind_like/URV/pqr/7GDD_pocket.pqr,/home/mohamed/Studies/stage/TrabajoInvestigacion/data_urv/pdbbind_like/URV/refined/7GDD/7GDD_ligand.mol2
7GI5,True,existing,4597,4597,1138.8334000000013,True,37,37,4.744699999999998,,/home/mohamed/Studies/stage/TrabajoInvestigacion/data_urv/pdbbind_like/URV/pqr/7GI5_pocket.pqr,/home/mohamed/Studies/stage/TrabajoInvestigacion/data_urv/pdbbind_like/URV/refined/7GI5/7GI5_ligand.mol2
7GJZ,True,existing,4615,4615,1144.0984000000012,True,34,33,4.1412,,/home/mohamed/Studies/stage/TrabajoInvestigacion/data_urv/pdbbind_like/URV/pqr/7GJZ_pocket.pqr,/home/mohamed/Studies/stage/TrabajoInvestigacion/data_urv/pdbbind_like/URV/refined/7GJZ/7GJZ_ligand.mol2
8CYU,True,existing,4707,4707,1166.8669999999981,True,30,28,2.4900000000000007,,/home/mohamed/Studies/stage/TrabajoInvestigacion/data_urv/pdbbind_like/URV/pqr/8CYU_pocket.pqr,/home/mohamed/Studies/stage/TrabajoInvestigacion/data_urv/pdbbind_like/URV/refined/8CYU/8CYU_ligand.mol2
7GIX,True,existing,4608,4608,1142.067000000002,True,27,26,3.3734,,/home/mohamed/Studies/stage/TrabajoInvestigacion/data_urv/pdbbind_like/URV/pqr/7GIX_pocket.pqr,/home/mohamed/Studies/stage/TrabajoInvestigacion/data_urv/pdbbind_like/URV/refined/7GIX/7GIX_ligand.mol2
7LTJ,True,existing,4701,4701,1165.9737999999995,True,24,24,3.7028000000000008,,/home/mohamed/Studies/stage/TrabajoInvestigacion/data_urv/pdbbind_like/URV/pqr/7LTJ_pocket.pqr,/home/mohamed/Studies/stage/TrabajoInvestigacion/data_urv/pdbbind_like/URV/refined/7LTJ/7LTJ_ligand.mol2
7GJ9,True,existing,4597,4597,1138.9980000000019,True,32,30,3.0306,,/home/mohamed/Studies/stage/TrabajoInvestigacion/data_urv/pdbbind_like/URV/pqr/7GJ9_pocket.pqr,/home/mohamed/Studies/stage/TrabajoInvestigacion/data_urv/pdbbind_like/URV/refined/7GJ9/7GJ9_ligand.mol2
7GMJ,True,existing,4676,4676,1156.7878000000007,True,26,25,2.6603000000000008,,/home/mohamed/Studies/stage/TrabajoInvestigacion/data_urv/pdbbind_like/URV/pqr/7GMJ_pocket.pqr,/home/mohamed/Studies/stage/TrabajoInvestigacion/data_urv/pdbbind_like/URV/refined/7GMJ/7GMJ_ligand.mol2
7GEB,True,existing,4684,4684,1165.1497999999995,True,20,20,3.0125000000000006,,/home/mohamed/Studies/stage/TrabajoInvestigacion/data_urv/pdbbind_like/URV/pqr/7GEB_pocket.pqr,/home/mohamed/Studies/stage/TrabajoInvestigacion/data_urv/pdbbind_like/URV/refined/7GEB/7GEB_ligand.mol2
7GK7,True,existing,4615,4615,1143.769200000002,True,38,37,4.663100000000002,,/home/mohamed/Studies/stage/TrabajoInvestigacion/data_urv/pdbbind_like/URV/pqr/7GK7_pocket.pqr,/home/mohamed/Studies/stage/TrabajoInvestigacion/data_urv/pdbbind_like/URV/refined/7GK7/7GK7_ligand.mol2
7RMB,True,existing,4725,4725,1171.7103999999993,True,24,24,3.6371,,/home/mohamed/Studies/stage/TrabajoInvestigacion/data_urv/pdbbind_like/URV/pqr/7RMB_pocket.pqr,/home/mohamed/Studies/stage/TrabajoInvestigacion/data_urv/pdbbind_like/URV/refined/7RMB/7RMB_ligand.mol2
7GK1,True,existing,4615,4615,1144.0984000000012,True,25,24,2.447,,/home/mohamed/Studies/stage/TrabajoInvestigacion/data_urv/pdbbind_like/URV/pqr/7GK1_pocket.pqr,/home/mohamed/Studies/stage/TrabajoInvestigacion/data_urv/pdbbind_like/URV/refined/7GK1/7GK1_ligand.mol2
7GBE,True,existing,4701,4701,1167.9007999999985,True,22,22,2.9799999999999995,,/home/mohamed/Studies/stage/TrabajoInvestigacion/data_urv/pdbbind_like/URV/pqr/7GBE_pocket.pqr,/home/mohamed/Studies/stage/TrabajoInvestigacion/data_urv/pdbbind_like/URV/refined/7GBE/7GBE_ligand.mol2
7GKW,True,existing,4615,4615,1144.0984000000012,True,30,29,4.1415999999999995,,/home/mohamed/Studies/stage/TrabajoInvestigacion/data_urv/pdbbind_like/URV/pqr/7GKW_pocket.pqr,/home/mohamed/Studies/stage/TrabajoInvestigacion/data_urv/pdbbind_like/URV/refined/7GKW/7GKW_ligand.mol2
7GIH,True,existing,4682,4682,1160.0886000000007,True,22,21,2.2154,,/home/mohamed/Studies/stage/TrabajoInvestigacion/data_urv/pdbbind_like/URV/pqr/7GIH_pocket.pqr,/home/mohamed/Studies/stage/TrabajoInvestigacion/data_urv/pdbbind_like/URV/refined/7GIH/7GIH_ligand.mol2
7GJK,True,existing,4597,4597,1138.8334000000018,True,28,27,2.7246,,/home/mohamed/Studies/stage/TrabajoInvestigacion/data_urv/pdbbind_like/URV/pqr/7GJK_pocket.pqr,/home/mohamed/Studies/stage/TrabajoInvestigacion/data_urv/pdbbind_like/URV/refined/7GJK/7GJK_ligand.mol2
7GK0,True,existing,4615,4615,1143.9338000000016,True,28,27,3.5296999999999996,,/home/mohamed/Studies/stage/TrabajoInvestigacion/data_urv/pdbbind_like/URV/pqr/7GK0_pocket.pqr,/home/mohamed/Studies/stage/TrabajoInvestigacion/data_urv/pdbbind_like/URV/refined/7GK0/7GK0_ligand.mol2
7GKI,True,existing,4615,4615,1144.0984000000012,True,22,22,1.636,,/home/mohamed/Studies/stage/TrabajoInvestigacion/data_urv/pdbbind_like/URV/pqr/7GKI_pocket.pqr,/home/mohamed/Studies/stage/TrabajoInvestigacion/data_urv/pdbbind_like/URV/refined/7GKI/7GKI_ligand.mol2
7GJT,True,existing,4608,4608,1142.067000000002,True,38,37,4.188600000000001,,/home/mohamed/Studies/stage/TrabajoInvestigacion/data_urv/pdbbind_like/URV/pqr/7GJT_pocket.pqr,/home/mohamed/Studies/stage/TrabajoInvestigacion/data_urv/pdbbind_like/URV/refined/7GJT/7GJT_ligand.mol2
8UEH,True,existing,4645,4645,1151.4898000000005,True,48,47,4.369600000000001,,/home/mohamed/Studies/stage/TrabajoInvestigacion/data_urv/pdbbind_like/URV/pqr/8UEH_pocket.pqr,/home/mohamed/Studies/stage/TrabajoInvestigacion/data_urv/pdbbind_like/URV/refined/8UEH/8UEH_ligand.mol2
7GGF,True,existing,4671,4671,1159.1796,True,30,30,2.6592000000000002,,/home/mohamed/Studies/stage/TrabajoInvestigacion/data_urv/pdbbind_like/URV/pqr/7GGF_pocket.pqr,/home/mohamed/Studies/stage/TrabajoInvestigacion/data_urv/pdbbind_like/URV/refined/7GGF/7GGF_ligand.mol2
7GK9,True,existing,4615,4615,1143.9338000000016,True,27,26,2.6604000000000005,,/home/mohamed/Studies/stage/TrabajoInvestigacion/data_urv/pdbbind_like/URV/pqr/7GK9_pocket.pqr,/home/mohamed/Studies/stage/TrabajoInvestigacion/data_urv/pdbbind_like/URV/refined/7GK9/7GK9_ligand.mol2
7GJD,True,existing,4682,4682,1160.2532000000003,True,25,24,2.7329,,/home/mohamed/Studies/stage/TrabajoInvestigacion/data_urv/pdbbind_like/URV/pqr/7GJD_pocket.pqr,/home/mohamed/Studies/stage/TrabajoInvestigacion/data_urv/pdbbind_like/URV/refined/7GJD/7GJD_ligand.mol2
7M8X,True,existing,4577,4577,1131.550000000002,True,33,32,3.743700000000001,,/home/mohamed/Studies/stage/TrabajoInvestigacion/data_urv/pdbbind_like/URV/pqr/7M8X_pocket.pqr,/home/mohamed/Studies/stage/TrabajoInvestigacion/data_urv/pdbbind_like/URV/refined/7M8X/7M8X_ligand.mol2
7GL0,True,existing,4615,4615,1144.0984000000012,True,36,35,4.2481,,/home/mohamed/Studies/stage/TrabajoInvestigacion/data_urv/pdbbind_like/URV/pqr/7GL0_pocket.pqr,/home/mohamed/Studies/stage/TrabajoInvestigacion/data_urv/pdbbind_like/URV/refined/7GL0/7GL0_ligand.mol2
7GI8,True,existing,4608,4608,1142.067000000002,True,25,24,2.4516,,/home/mohamed/Studies/stage/TrabajoInvestigacion/data_urv/pdbbind_like/URV/pqr/7GI8_pocket.pqr,/home/mohamed/Studies/stage/TrabajoInvestigacion/data_urv/pdbbind_like/URV/refined/7GI8/7GI8_ligand.mol2
7GIE,True,existing,4597,4597,1138.6688000000017,True,23,22,1.9508,,/home/mohamed/Studies/stage/TrabajoInvestigacion/data_urv/pdbbind_like/URV/pqr/7GIE_pocket.pqr,/home/mohamed/Studies/stage/TrabajoInvestigacion/data_urv/pdbbind_like/URV/refined/7GIE/7GIE_ligand.mol2
7GJP,True,existing,4597,4597,1138.6688000000017,True,27,26,3.5757,,/home/mohamed/Studies/stage/TrabajoInvestigacion/data_urv/pdbbind_like/URV/pqr/7GJP_pocket.pqr,/home/mohamed/Studies/stage/TrabajoInvestigacion/data_urv/pdbbind_like/URV/refined/7GJP/7GJP_ligand.mol2
7GLC,True,existing,4615,4615,1144.2630000000013,True,27,27,3.5828000000000007,,/home/mohamed/Studies/stage/TrabajoInvestigacion/data_urv/pdbbind_like/URV/pqr/7GLC_pocket.pqr,/home/mohamed/Studies/stage/TrabajoInvestigacion/data_urv/pdbbind_like/URV/refined/7GLC/7GLC_ligand.mol2
8ACD,True,existing,4829,4829,1200.214399999997,True,33,33,4.8087,,/home/mohamed/Studies/stage/TrabajoInvestigacion/data_urv/pdbbind_like/URV/pqr/8ACD_pocket.pqr,/home/mohamed/Studies/stage/TrabajoInvestigacion/data_urv/pdbbind_like/URV/refined/8ACD/8ACD_ligand.mol2
8ACL,True,existing,4816,4816,1198.2225999999969,True,31,31,3.6085000000000007,,/home/mohamed/Studies/stage/TrabajoInvestigacion/data_urv/pdbbind_like/URV/pqr/8ACL_pocket.pqr,/home/mohamed/Studies/stage/TrabajoInvestigacion/data_urv/pdbbind_like/URV/refined/8ACL/8ACL_ligand.mol2
7GMU,True,existing,4665,4665,1155.0534000000002,True,25,25,2.4825999999999993,,/home/mohamed/Studies/stage/TrabajoInvestigacion/data_urv/pdbbind_like/URV/pqr/7GMU_pocket.pqr,/home/mohamed/Studies/stage/TrabajoInvestigacion/data_urv/pdbbind_like/URV/refined/7GMU/7GMU_ligand.mol2
7CA8,True,existing,4551,4551,1125.1808000000037,True,21,21,2.8865999999999987,,/home/mohamed/Studies/stage/TrabajoInvestigacion/data_urv/pdbbind_like/URV/pqr/7CA8_pocket.pqr,/home/mohamed/Studies/stage/TrabajoInvestigacion/data_urv/pdbbind_like/URV/refined/7CA8/7CA8_ligand.mol2
7QBB,True,existing,4645,4645,1151.325200000001,True,26,24,2.3310999999999997,,/home/mohamed/Studies/stage/TrabajoInvestigacion/data_urv/pdbbind_like/URV/pqr/7QBB_pocket.pqr,/home/mohamed/Studies/stage/TrabajoInvestigacion/data_urv/pdbbind_like/URV/refined/7QBB/7QBB_ligand.mol2
7GK8,True,existing,4615,4615,1143.9338000000016,True,27,26,2.6879999999999997,,/home/mohamed/Studies/stage/TrabajoInvestigacion/data_urv/pdbbind_like/URV/pqr/7GK8_pocket.pqr,/home/mohamed/Studies/stage/TrabajoInvestigacion/data_urv/pdbbind_like/URV/refined/7GK8/7GK8_ligand.mol2
7GIL,True,existing,4608,4608,1141.9024000000024,True,22,21,1.9751,,/home/mohamed/Studies/stage/TrabajoInvestigacion/data_urv/pdbbind_like/URV/pqr/7GIL_pocket.pqr,/home/mohamed/Studies/stage/TrabajoInvestigacion/data_urv/pdbbind_like/URV/refined/7GIL/7GIL_ligand.mol2
7GMF,True,existing,4665,4665,1154.8888000000006,True,31,31,3.631,,/home/mohamed/Studies/stage/TrabajoInvestigacion/data_urv/pdbbind_like/URV/pqr/7GMF_pocket.pqr,/home/mohamed/Studies/stage/TrabajoInvestigacion/data_urv/pdbbind_like/URV/refined/7GMF/7GMF_ligand.mol2
7GIZ,True,existing,4608,4608,1142.2316000000017,True,27,26,2.6135,,/home/mohamed/Studies/stage/TrabajoInvestigacion/data_urv/pdbbind_like/URV/pqr/7GIZ_pocket.pqr,/home/mohamed/Studies/stage/TrabajoInvestigacion/data_urv/pdbbind_like/URV/refined/7GIZ/7GIZ_ligand.mol2
7GLA,True,existing,4631,4631,1147.493200000001,True,28,28,2.4694000000000007,,/home/mohamed/Studies/stage/TrabajoInvestigacion/data_urv/pdbbind_like/URV/pqr/7GLA_pocket.pqr,/home/mohamed/Studies/stage/TrabajoInvestigacion/data_urv/pdbbind_like/URV/refined/7GLA/7GLA_ligand.mol2
7GM8,True,existing,4597,4597,1138.6688000000017,True,30,30,3.232500000000001,,/home/mohamed/Studies/stage/TrabajoInvestigacion/data_urv/pdbbind_like/URV/pqr/7GM8_pocket.pqr,/home/mohamed/Studies/stage/TrabajoInvestigacion/data_urv/pdbbind_like/URV/refined/7GM8/7GM8_ligand.mol2
7GM7,True,existing,4665,4665,1154.8888000000006,True,26,25,2.3067,,/home/mohamed/Studies/stage/TrabajoInvestigacion/data_urv/pdbbind_like/URV/pqr/7GM7_pocket.pqr,/home/mohamed/Studies/stage/TrabajoInvestigacion/data_urv/pdbbind_like/URV/refined/7GM7/7GM7_ligand.mol2
7O46,True,existing,4608,4608,1142.067000000002,True,24,20,2.2678999999999996,,/home/mohamed/Studies/stage/TrabajoInvestigacion/data_urv/pdbbind_like/URV/pqr/7O46_pocket.pqr,/home/mohamed/Studies/stage/TrabajoInvestigacion/data_urv/pdbbind_like/URV/refined/7O46/7O46_ligand.mol2
7GJ4,True,existing,4597,4597,1138.6688000000017,True,25,25,2.9063999999999997,,/home/mohamed/Studies/stage/TrabajoInvestigacion/data_urv/pdbbind_like/URV/pqr/7GJ4_pocket.pqr,/home/mohamed/Studies/stage/TrabajoInvestigacion/data_urv/pdbbind_like/URV/refined/7GJ4/7GJ4_ligand.mol2
7GMY,True,existing,4665,4665,1154.8888000000006,True,33,33,3.9931999999999994,,/home/mohamed/Studies/stage/TrabajoInvestigacion/data_urv/pdbbind_like/URV/pqr/7GMY_pocket.pqr,/home/mohamed/Studies/stage/TrabajoInvestigacion/data_urv/pdbbind_like/URV/refined/7GMY/7GMY_ligand.mol2
7GKB,True,existing,4615,4615,1143.9338000000016,True,26,26,3.3080000000000003,,/home/mohamed/Studies/stage/TrabajoInvestigacion/data_urv/pdbbind_like/URV/pqr/7GKB_pocket.pqr,/home/mohamed/Studies/stage/TrabajoInvestigacion/data_urv/pdbbind_like/URV/refined/7GKB/7GKB_ligand.mol2
7GKP,True,existing,4615,4615,1144.0984000000012,True,30,29,2.533000000000001,,/home/mohamed/Studies/stage/TrabajoInvestigacion/data_urv/pdbbind_like/URV/pqr/7GKP_pocket.pqr,/home/mohamed/Studies/stage/TrabajoInvestigacion/data_urv/pdbbind_like/URV/refined/7GKP/7GKP_ligand.mol2
7GJI,True,existing,4665,4665,1154.8888000000006,True,27,26,3.3351000000000006,,/home/mohamed/Studies/stage/TrabajoInvestigacion/data_urv/pdbbind_like/URV/pqr/7GJI_pocket.pqr,/home/mohamed/Studies/stage/TrabajoInvestigacion/data_urv/pdbbind_like/URV/refined/7GJI/7GJI_ligand.mol2
8UEF,True,existing,4615,4615,1144.2630000000008,True,46,46,5.013599999999999,,/home/mohamed/Studies/stage/TrabajoInvestigacion/data_urv/pdbbind_like/URV/pqr/8UEF_pocket.pqr,/home/mohamed/Studies/stage/TrabajoInvestigacion/data_urv/pdbbind_like/URV/refined/8UEF/8UEF_ligand.mol2
7RM2,True,existing,4793,4793,1193.9991999999977,True,25,25,3.7085000000000004,,/home/mohamed/Studies/stage/TrabajoInvestigacion/data_urv/pdbbind_like/URV/pqr/7RM2_pocket.pqr,/home/mohamed/Studies/stage/TrabajoInvestigacion/data_urv/pdbbind_like/URV/refined/7RM2/7RM2_ligand.mol2
7RLS,True,existing,4749,4749,1178.7159999999978,True,25,25,3.863700000000001,,/home/mohamed/Studies/stage/TrabajoInvestigacion/data_urv/pdbbind_like/URV/pqr/7RLS_pocket.pqr,/home/mohamed/Studies/stage/TrabajoInvestigacion/data_urv/pdbbind_like/URV/refined/7RLS/7RLS_ligand.mol2
7GM1,True,existing,4665,4665,1154.8888000000006,True,34,34,3.880300000000001,,/home/mohamed/Studies/stage/TrabajoInvestigacion/data_urv/pdbbind_like/URV/pqr/7GM1_pocket.pqr,/home/mohamed/Studies/stage/TrabajoInvestigacion/data_urv/pdbbind_like/URV/refined/7GM1/7GM1_ligand.mol2
7GJX,True,existing,4615,4615,1143.9338000000016,True,24,23,2.0208,,/home/mohamed/Studies/stage/TrabajoInvestigacion/data_urv/pdbbind_like/URV/pqr/7GJX_pocket.pqr,/home/mohamed/Studies/stage/TrabajoInvestigacion/data_urv/pdbbind_like/URV/refined/7GJX/7GJX_ligand.mol2
7GI7,True,existing,4682,4682,1160.2532000000008,True,31,29,2.746,,/home/mohamed/Studies/stage/TrabajoInvestigacion/data_urv/pdbbind_like/URV/pqr/7GI7_pocket.pqr,/home/mohamed/Studies/stage/TrabajoInvestigacion/data_urv/pdbbind_like/URV/refined/7GI7/7GI7_ligand.mol2
7GFM,True,existing,4671,4671,1159.1796,True,29,27,2.3235999999999994,,/home/mohamed/Studies/stage/TrabajoInvestigacion/data_urv/pdbbind_like/URV/pqr/7GFM_pocket.pqr,/home/mohamed/Studies/stage/TrabajoInvestigacion/data_urv/pdbbind_like/URV/refined/7GFM/7GFM_ligand.mol2
7GGA,True,existing,4671,4671,1159.1796,True,25,24,2.4982,,/home/mohamed/Studies/stage/TrabajoInvestigacion/data_urv/pdbbind_like/URV/pqr/7GGA_pocket.pqr,/home/mohamed/Studies/stage/TrabajoInvestigacion/data_urv/pdbbind_like/URV/refined/7GGA/7GGA_ligand.mol2
7GKQ,True,existing,4615,4615,1143.9338000000016,True,29,28,3.1329999999999996,,/home/mohamed/Studies/stage/TrabajoInvestigacion/data_urv/pdbbind_like/URV/pqr/7GKQ_pocket.pqr,/home/mohamed/Studies/stage/TrabajoInvestigacion/data_urv/pdbbind_like/URV/refined/7GKQ/7GKQ_ligand.mol2
7GIM,True,existing,4597,4597,1138.8334000000013,True,25,24,2.6542999999999997,,/home/mohamed/Studies/stage/TrabajoInvestigacion/data_urv/pdbbind_like/URV/pqr/7GIM_pocket.pqr,/home/mohamed/Studies/stage/TrabajoInvestigacion/data_urv/pdbbind_like/URV/refined/7GIM/7GIM_ligand.mol2
7GLW,True,existing,4665,4665,1154.8888000000006,True,27,26,2.3068,,/home/mohamed/Studies/stage/TrabajoInvestigacion/data_urv/pdbbind_like/URV/pqr/7GLW_pocket.pqr,/home/mohamed/Studies/stage/TrabajoInvestigacion/data_urv/pdbbind_like/URV/refined/7GLW/7GLW_ligand.mol2
7GNG,True,existing,4665,4665,1155.0534000000002,True,31,31,3.2640000000000002,,/home/mohamed/Studies/stage/TrabajoInvestigacion/data_urv/pdbbind_like/URV/pqr/7GNG_pocket.pqr,/home/mohamed/Studies/stage/TrabajoInvestigacion/data_urv/pdbbind_like/URV/refined/7GNG/7GNG_ligand.mol2
7GM4,True,existing,4665,4665,1154.8888000000006,True,30,30,3.476400000000001,,/home/mohamed/Studies/stage/TrabajoInvestigacion/data_urv/pdbbind_like/URV/pqr/7GM4_pocket.pqr,/home/mohamed/Studies/stage/TrabajoInvestigacion/data_urv/pdbbind_like/URV/refined/7GM4/7GM4_ligand.mol2
7GKE,True,existing,4615,4615,1143.9338000000016,True,27,26,2.7387,,/home/mohamed/Studies/stage/TrabajoInvestigacion/data_urv/pdbbind_like/URV/pqr/7GKE_pocket.pqr,/home/mohamed/Studies/stage/TrabajoInvestigacion/data_urv/pdbbind_like/URV/refined/7GKE/7GKE_ligand.mol2
7M90,True,existing,4500,4500,1104.9480000000012,True,38,38,5.8365,,/home/mohamed/Studies/stage/TrabajoInvestigacion/data_urv/pdbbind_like/URV/pqr/7M90_pocket.pqr,/home/mohamed/Studies/stage/TrabajoInvestigacion/data_urv/pdbbind_like/URV/refined/7M90/7M90_ligand.mol2
7M8Z,True,existing,4549,4549,1124.7014000000024,True,35,35,4.820700000000001,,/home/mohamed/Studies/stage/TrabajoInvestigacion/data_urv/pdbbind_like/URV/pqr/7M8Z_pocket.pqr,/home/mohamed/Studies/stage/TrabajoInvestigacion/data_urv/pdbbind_like/URV/refined/7M8Z/7M8Z_ligand.mol2
7GKF,True,existing,4615,4615,1143.9338000000016,True,26,26,2.5915000000000004,,/home/mohamed/Studies/stage/TrabajoInvestigacion/data_urv/pdbbind_like/URV/pqr/7GKF_pocket.pqr,/home/mohamed/Studies/stage/TrabajoInvestigacion/data_urv/pdbbind_like/URV/refined/7GKF/7GKF_ligand.mol2
7GL9,True,existing,4615,4615,1143.9338000000016,True,27,26,3.1062000000000007,,/home/mohamed/Studies/stage/TrabajoInvestigacion/data_urv/pdbbind_like/URV/pqr/7GL9_pocket.pqr,/home/mohamed/Studies/stage/TrabajoInvestigacion/data_urv/pdbbind_like/URV/refined/7GL9/7GL9_ligand.mol2
7GJ5,True,existing,4597,4597,1138.6688000000017,True,25,24,2.1584999999999996,,/home/mohamed/Studies/stage/TrabajoInvestigacion/data_urv/pdbbind_like/URV/pqr/7GJ5_pocket.pqr,/home/mohamed/Studies/stage/TrabajoInvestigacion/data_urv/pdbbind_like/URV/refined/7GJ5/7GJ5_ligand.mol2
7GGQ,True,existing,4671,4671,1159.1796,True,24,23,2.0224,,/home/mohamed/Studies/stage/TrabajoInvestigacion/data_urv/pdbbind_like/URV/pqr/7GGQ_pocket.pqr,/home/mohamed/Studies/stage/TrabajoInvestigacion/data_urv/pdbbind_like/URV/refined/7GGQ/7GGQ_ligand.mol2
7GIW,True,existing,4597,4597,1138.6688000000017,True,26,26,3.441,,/home/mohamed/Studies/stage/TrabajoInvestigacion/data_urv/pdbbind_like/URV/pqr/7GIW_pocket.pqr,/home/mohamed/Studies/stage/TrabajoInvestigacion/data_urv/pdbbind_like/URV/refined/7GIW/7GIW_ligand.mol2
7GM9,True,existing,4665,4665,1154.8888000000006,True,32,31,3.6771000000000003,,/home/mohamed/Studies/stage/TrabajoInvestigacion/data_urv/pdbbind_like/URV/pqr/7GM9_pocket.pqr,/home/mohamed/Studies/stage/TrabajoInvestigacion/data_urv/pdbbind_like/URV/refined/7GM9/7GM9_ligand.mol2
7GKO,True,existing,4615,4615,1143.9338000000016,True,32,31,3.3151999999999995,,/home/mohamed/Studies/stage/TrabajoInvestigacion/data_urv/pdbbind_like/URV/pqr/7GKO_pocket.pqr,/home/mohamed/Studies/stage/TrabajoInvestigacion/data_urv/pdbbind_like/URV/refined/7GKO/7GKO_ligand.mol2
7GNF,True,existing,4665,4665,1155.0534000000002,True,27,27,2.3352999999999997,,/home/mohamed/Studies/stage/TrabajoInvestigacion/data_urv/pdbbind_like/URV/pqr/7GNF_pocket.pqr,/home/mohamed/Studies/stage/TrabajoInvestigacion/data_urv/pdbbind_like/URV/refined/7GNF/7GNF_ligand.mol2
7GJQ,True,existing,4597,4597,1138.6688000000017,True,24,23,1.7889000000000004,,/home/mohamed/Studies/stage/TrabajoInvestigacion/data_urv/pdbbind_like/URV/pqr/7GJQ_pocket.pqr,/home/mohamed/Studies/stage/TrabajoInvestigacion/data_urv/pdbbind_like/URV/refined/7GJQ/7GJQ_ligand.mol2
7GN5,True,existing,4665,4665,1154.8888000000006,True,34,33,3.7397999999999993,,/home/mohamed/Studies/stage/TrabajoInvestigacion/data_urv/pdbbind_like/URV/pqr/7GN5_pocket.pqr,/home/mohamed/Studies/stage/TrabajoInvestigacion/data_urv/pdbbind_like/URV/refined/7GN5/7GN5_ligand.mol2
8Q71,True,existing,4659,4659,1154.8007999999995,True,33,33,4.55,,/home/mohamed/Studies/stage/TrabajoInvestigacion/data_urv/pdbbind_like/URV/pqr/8Q71_pocket.pqr,/home/mohamed/Studies/stage/TrabajoInvestigacion/data_urv/pdbbind_like/URV/refined/8Q71/8Q71_ligand.mol2
7GFB,True,existing,4671,4671,1159.1796,True,24,23,2.4981,,/home/mohamed/Studies/stage/TrabajoInvestigacion/data_urv/pdbbind_like/URV/pqr/7GFB_pocket.pqr,/home/mohamed/Studies/stage/TrabajoInvestigacion/data_urv/pdbbind_like/URV/refined/7GFB/7GFB_ligand.mol2
7GIN,True,existing,4615,4615,1144.0984000000012,True,25,24,2.6587999999999994,,/home/mohamed/Studies/stage/TrabajoInvestigacion/data_urv/pdbbind_like/URV/pqr/7GIN_pocket.pqr,/home/mohamed/Studies/stage/TrabajoInvestigacion/data_urv/pdbbind_like/URV/refined/7GIN/7GIN_ligand.mol2
7GND,True,existing,4665,4665,1154.8888000000006,True,26,26,2.3352,,/home/mohamed/Studies/stage/TrabajoInvestigacion/data_urv/pdbbind_like/URV/pqr/7GND_pocket.pqr,/home/mohamed/Studies/stage/TrabajoInvestigacion/data_urv/pdbbind_like/URV/refined/7GND/7GND_ligand.mol2
7GJV,True,existing,4597,4597,1138.6688000000017,True,27,26,3.8152,,/home/mohamed/Studies/stage/TrabajoInvestigacion/data_urv/pdbbind_like/URV/pqr/7GJV_pocket.pqr,/home/mohamed/Studies/stage/TrabajoInvestigacion/data_urv/pdbbind_like/URV/refined/7GJV/7GJV_ligand.mol2
7KX5,True,existing,4631,4631,1147.493200000001,True,38,31,3.354200000000001,,/home/mohamed/Studies/stage/TrabajoInvestigacion/data_urv/pdbbind_like/URV/pqr/7KX5_pocket.pqr,/home/mohamed/Studies/stage/TrabajoInvestigacion/data_urv/pdbbind_like/URV/refined/7KX5/7KX5_ligand.mol2
7GN6,True,existing,4665,4665,1155.0534000000002,True,32,31,3.3966000000000007,,/home/mohamed/Studies/stage/TrabajoInvestigacion/data_urv/pdbbind_like/URV/pqr/7GN6_pocket.pqr,/home/mohamed/Studies/stage/TrabajoInvestigacion/data_urv/pdbbind_like/URV/refined/7GN6/7GN6_ligand.mol2
7GM6,True,existing,4665,4665,1155.0534000000007,True,33,33,3.742400000000001,,/home/mohamed/Studies/stage/TrabajoInvestigacion/data_urv/pdbbind_like/URV/pqr/7GM6_pocket.pqr,/home/mohamed/Studies/stage/TrabajoInvestigacion/data_urv/pdbbind_like/URV/refined/7GM6/7GM6_ligand.mol2
7L14,True,existing,4682,4682,1160.4178000000004,True,33,32,3.0549000000000017,,/home/mohamed/Studies/stage/TrabajoInvestigacion/data_urv/pdbbind_like/URV/pqr/7L14_pocket.pqr,/home/mohamed/Studies/stage/TrabajoInvestigacion/data_urv/pdbbind_like/URV/refined/7L14/7L14_ligand.mol2
7GKN,True,existing,4615,4615,1143.9338000000016,True,27,27,3.5828000000000007,,/home/mohamed/Studies/stage/TrabajoInvestigacion/data_urv/pdbbind_like/URV/pqr/7GKN_pocket.pqr,/home/mohamed/Studies/stage/TrabajoInvestigacion/data_urv/pdbbind_like/URV/refined/7GKN/7GKN_ligand.mol2
7GNH,True,existing,4597,4597,1138.6688000000017,True,41,41,4.570500000000001,,/home/mohamed/Studies/stage/TrabajoInvestigacion/data_urv/pdbbind_like/URV/pqr/7GNH_pocket.pqr,/home/mohamed/Studies/stage/TrabajoInvestigacion/data_urv/pdbbind_like/URV/refined/7GNH/7GNH_ligand.mol2
7GL3,True,existing,4615,4615,1143.9338000000016,True,31,30,2.7292000000000005,,/home/mohamed/Studies/stage/TrabajoInvestigacion/data_urv/pdbbind_like/URV/pqr/7GL3_pocket.pqr,/home/mohamed/Studies/stage/TrabajoInvestigacion/data_urv/pdbbind_like/URV/refined/7GL3/7GL3_ligand.mol2
7GJM,True,existing,4597,4597,1138.6688000000017,True,25,24,2.4981,,/home/mohamed/Studies/stage/TrabajoInvestigacion/data_urv/pdbbind_like/URV/pqr/7GJM_pocket.pqr,/home/mohamed/Studies/stage/TrabajoInvestigacion/data_urv/pdbbind_like/URV/refined/7GJM/7GJM_ligand.mol2
7GKU,True,existing,4628,4628,1147.4210000000007,True,32,31,3.4894000000000003,,/home/mohamed/Studies/stage/TrabajoInvestigacion/data_urv/pdbbind_like/URV/pqr/7GKU_pocket.pqr,/home/mohamed/Studies/stage/TrabajoInvestigacion/data_urv/pdbbind_like/URV/refined/7GKU/7GKU_ligand.mol2
7GMW,True,existing,4665,4665,1154.8888000000006,True,31,31,3.9894,,/home/mohamed/Studies/stage/TrabajoInvestigacion/data_urv/pdbbind_like/URV/pqr/7GMW_pocket.pqr,/home/mohamed/Studies/stage/TrabajoInvestigacion/data_urv/pdbbind_like/URV/refined/7GMW/7GMW_ligand.mol2
7GLL,True,existing,4705,4705,1169.678799999999,True,34,33,3.2403999999999997,,/home/mohamed/Studies/stage/TrabajoInvestigacion/data_urv/pdbbind_like/URV/pqr/7GLL_pocket.pqr,/home/mohamed/Studies/stage/TrabajoInvestigacion/data_urv/pdbbind_like/URV/refined/7GLL/7GLL_ligand.mol2
7GMC,True,existing,4665,4665,1154.8888000000006,True,30,29,2.5646,,/home/mohamed/Studies/stage/TrabajoInvestigacion/data_urv/pdbbind_like/URV/pqr/7GMC_pocket.pqr,/home/mohamed/Studies/stage/TrabajoInvestigacion/data_urv/pdbbind_like/URV/refined/7GMC/7GMC_ligand.mol2
7LMF,True,existing,4691,4691,1162.9077999999993,True,30,30,2.938099999999999,,/home/mohamed/Studies/stage/TrabajoInvestigacion/data_urv/pdbbind_like/URV/pqr/7LMF_pocket.pqr,/home/mohamed/Studies/stage/TrabajoInvestigacion/data_urv/pdbbind_like/URV/refined/7LMF/7LMF_ligand.mol2
7GL5,True,existing,4597,4597,1138.6688000000017,True,31,31,3.986800000000001,,/home/mohamed/Studies/stage/TrabajoInvestigacion/data_urv/pdbbind_like/URV/pqr/7GL5_pocket.pqr,/home/mohamed/Studies/stage/TrabajoInvestigacion/data_urv/pdbbind_like/URV/refined/7GL5/7GL5_ligand.mol2
7GNI,True,existing,4665,4665,1155.0534000000002,True,33,33,3.9093,,/home/mohamed/Studies/stage/TrabajoInvestigacion/data_urv/pdbbind_like/URV/pqr/7GNI_pocket.pqr,/home/mohamed/Studies/stage/TrabajoInvestigacion/data_urv/pdbbind_like/URV/refined/7GNI/7GNI_ligand.mol2
7GKR,True,existing,4608,4608,1142.067000000002,True,30,29,2.7234000000000003,,/home/mohamed/Studies/stage/TrabajoInvestigacion/data_urv/pdbbind_like/URV/pqr/7GKR_pocket.pqr,/home/mohamed/Studies/stage/TrabajoInvestigacion/data_urv/pdbbind_like/URV/refined/7GKR/7GKR_ligand.mol2
7L11,True,existing,4682,4682,1160.2532000000003,True,32,31,3.0549000000000017,,/home/mohamed/Studies/stage/TrabajoInvestigacion/data_urv/pdbbind_like/URV/pqr/7L11_pocket.pqr,/home/mohamed/Studies/stage/TrabajoInvestigacion/data_urv/pdbbind_like/URV/refined/7L11/7L11_ligand.mol2
7L12,True,existing,4665,4665,1155.2179999999998,True,36,35,4.363800000000001,,/home/mohamed/Studies/stage/TrabajoInvestigacion/data_urv/pdbbind_like/URV/pqr/7L12_pocket.pqr,/home/mohamed/Studies/stage/TrabajoInvestigacion/data_urv/pdbbind_like/URV/refined/7L12/7L12_ligand.mol2
7GLZ,True,existing,4608,4608,1142.067000000002,True,30,29,3.0712000000000006,,/home/mohamed/Studies/stage/TrabajoInvestigacion/data_urv/pdbbind_like/URV/pqr/7GLZ_pocket.pqr,/home/mohamed/Studies/stage/TrabajoInvestigacion/data_urv/pdbbind_like/URV/refined/7GLZ/7GLZ_ligand.mol2
7GN1,True,existing,4665,4665,1154.8888000000006,True,35,34,3.0882,,/home/mohamed/Studies/stage/TrabajoInvestigacion/data_urv/pdbbind_like/URV/pqr/7GN1_pocket.pqr,/home/mohamed/Studies/stage/TrabajoInvestigacion/data_urv/pdbbind_like/URV/refined/7GN1/7GN1_ligand.mol2
7GJO,True,existing,4597,4597,1138.6688000000017,True,25,24,2.8997,,/home/mohamed/Studies/stage/TrabajoInvestigacion/data_urv/pdbbind_like/URV/pqr/7GJO_pocket.pqr,/home/mohamed/Studies/stage/TrabajoInvestigacion/data_urv/pdbbind_like/URV/refined/7GJO/7GJO_ligand.mol2
7GLE,True,existing,4679,4679,1159.4147999999998,True,31,30,3.0753,,/home/mohamed/Studies/stage/TrabajoInvestigacion/data_urv/pdbbind_like/URV/pqr/7GLE_pocket.pqr,/home/mohamed/Studies/stage/TrabajoInvestigacion/data_urv/pdbbind_like/URV/refined/7GLE/7GLE_ligand.mol2
7M8M,True,existing,4608,4608,1142.3962000000013,True,32,32,4.3698000000000015,,/home/mohamed/Studies/stage/TrabajoInvestigacion/data_urv/pdbbind_like/URV/pqr/7M8M_pocket.pqr,/home/mohamed/Studies/stage/TrabajoInvestigacion/data_urv/pdbbind_like/URV/refined/7M8M/7M8M_ligand.mol2
7GLY,True,existing,4665,4665,1154.724200000001,True,32,31,3.1585,,/home/mohamed/Studies/stage/TrabajoInvestigacion/data_urv/pdbbind_like/URV/pqr/7GLY_pocket.pqr,/home/mohamed/Studies/stage/TrabajoInvestigacion/data_urv/pdbbind_like/URV/refined/7GLY/7GLY_ligand.mol2
7GMG,True,existing,4665,4665,1154.8888000000006,True,31,31,3.9892999999999996,,/home/mohamed/Studies/stage/TrabajoInvestigacion/data_urv/pdbbind_like/URV/pqr/7GMG_pocket.pqr,/home/mohamed/Studies/stage/TrabajoInvestigacion/data_urv/pdbbind_like/URV/refined/7GMG/7GMG_ligand.mol2
7GLG,True,existing,4665,4665,1154.8888000000006,True,32,31,3.084,,/home/mohamed/Studies/stage/TrabajoInvestigacion/data_urv/pdbbind_like/URV/pqr/7GLG_pocket.pqr,/home/mohamed/Studies/stage/TrabajoInvestigacion/data_urv/pdbbind_like/URV/refined/7GLG/7GLG_ligand.mol2
7GLI,True,existing,4665,4665,1154.8888000000006,True,34,33,4.0873,,/home/mohamed/Studies/stage/TrabajoInvestigacion/data_urv/pdbbind_like/URV/pqr/7GLI_pocket.pqr,/home/mohamed/Studies/stage/TrabajoInvestigacion/data_urv/pdbbind_like/URV/refined/7GLI/7GLI_ligand.mol2
7GN4,True,existing,4665,4665,1154.8888000000006,True,32,31,3.5881999999999996,,/home/mohamed/Studies/stage/TrabajoInvestigacion/data_urv/pdbbind_like/URV/pqr/7GN4_pocket.pqr,/home/mohamed/Studies/stage/TrabajoInvestigacion/data_urv/pdbbind_like/URV/refined/7GN4/7GN4_ligand.mol2
7GM5,True,existing,4665,4665,1154.8888000000006,True,31,30,2.5674000000000006,,/home/mohamed/Studies/stage/TrabajoInvestigacion/data_urv/pdbbind_like/URV/pqr/7GM5_pocket.pqr,/home/mohamed/Studies/stage/TrabajoInvestigacion/data_urv/pdbbind_like/URV/refined/7GM5/7GM5_ligand.mol2
7M8Y,True,existing,4665,4665,1156.0682000000018,True,37,36,4.423700000000002,,/home/mohamed/Studies/stage/TrabajoInvestigacion/data_urv/pdbbind_like/URV/pqr/7M8Y_pocket.pqr,/home/mohamed/Studies/stage/TrabajoInvestigacion/data_urv/pdbbind_like/URV/refined/7M8Y/7M8Y_ligand.mol2
7LMD,True,existing,4615,4615,1144.0984000000017,True,30,30,2.636699999999999,,/home/mohamed/Studies/stage/TrabajoInvestigacion/data_urv/pdbbind_like/URV/pqr/7LMD_pocket.pqr,/home/mohamed/Studies/stage/TrabajoInvestigacion/data_urv/pdbbind_like/URV/refined/7LMD/7LMD_ligand.mol2
7GNC,True,existing,4665,4665,1155.0534000000002,True,32,31,3.7449,,/home/mohamed/Studies/stage/TrabajoInvestigacion/data_urv/pdbbind_like/URV/pqr/7GNC_pocket.pqr,/home/mohamed/Studies/stage/TrabajoInvestigacion/data_urv/pdbbind_like/URV/refined/7GNC/7GNC_ligand.mol2
7GNS,True,existing,4705,4705,1166.8517999999997,True,36,35,3.088199999999999,,/home/mohamed/Studies/stage/TrabajoInvestigacion/data_urv/pdbbind_like/URV/pqr/7GNS_pocket.pqr,/home/mohamed/Studies/stage/TrabajoInvestigacion/data_urv/pdbbind_like/URV/refined/7GNS/7GNS_ligand.mol2
7GLK,True,existing,4678,4678,1158.5405999999996,True,33,32,3.2403999999999993,,/home/mohamed/Studies/stage/TrabajoInvestigacion/data_urv/pdbbind_like/URV/pqr/7GLK_pocket.pqr,/home/mohamed/Studies/stage/TrabajoInvestigacion/data_urv/pdbbind_like/URV/refined/7GLK/7GLK_ligand.mol2
7GHN,True,existing,4629,4629,1148.6244000000008,True,37,37,3.8525999999999985,,/home/mohamed/Studies/stage/TrabajoInvestigacion/data_urv/pdbbind_like/URV/pqr/7GHN_pocket.pqr,/home/mohamed/Studies/stage/TrabajoInvestigacion/data_urv/pdbbind_like/URV/refined/7GHN/7GHN_ligand.mol2
8I4S,True,existing,4597,4597,1138.8334000000018,True,26,26,3.621,,/home/mohamed/Studies/stage/TrabajoInvestigacion/data_urv/pdbbind_like/URV/pqr/8I4S_pocket.pqr,/home/mohamed/Studies/stage/TrabajoInvestigacion/data_urv/pdbbind_like/URV/refined/8I4S/8I4S_ligand.mol2
8UEG,True,existing,4645,4645,1151.325200000001,True,45,45,4.4954,,/home/mohamed/Studies/stage/TrabajoInvestigacion/data_urv/pdbbind_like/URV/pqr/8UEG_pocket.pqr,/home/mohamed/Studies/stage/TrabajoInvestigacion/data_urv/pdbbind_like/URV/refined/8UEG/8UEG_ligand.mol2
7M8N,True,existing,4608,4608,1142.2316000000017,True,37,37,4.416800000000002,,/home/mohamed/Studies/stage/TrabajoInvestigacion/data_urv/pdbbind_like/URV/pqr/7M8N_pocket.pqr,/home/mohamed/Studies/stage/TrabajoInvestigacion/data_urv/pdbbind_like/URV/refined/7M8N/7M8N_ligand.mol2
7GLN,True,existing,4679,4679,1159.4147999999998,True,31,30,2.7264,,/home/mohamed/Studies/stage/TrabajoInvestigacion/data_urv/pdbbind_like/URV/pqr/7GLN_pocket.pqr,/home/mohamed/Studies/stage/TrabajoInvestigacion/data_urv/pdbbind_like/URV/refined/7GLN/7GLN_ligand.mol2
7GN7,True,existing,4665,4665,1155.0534000000007,True,28,27,2.3068000000000004,,/home/mohamed/Studies/stage/TrabajoInvestigacion/data_urv/pdbbind_like/URV/pqr/7GN7_pocket.pqr,/home/mohamed/Studies/stage/TrabajoInvestigacion/data_urv/pdbbind_like/URV/refined/7GN7/7GN7_ligand.mol2
7GLM,True,existing,4665,4665,1154.8888000000006,True,33,32,3.1157999999999997,,/home/mohamed/Studies/stage/TrabajoInvestigacion/data_urv/pdbbind_like/URV/pqr/7GLM_pocket.pqr,/home/mohamed/Studies/stage/TrabajoInvestigacion/data_urv/pdbbind_like/URV/refined/7GLM/7GLM_ligand.mol2
7GJ3,True,existing,4597,4597,1138.8334000000013,True,26,25,3.1744000000000003,,/home/mohamed/Studies/stage/TrabajoInvestigacion/data_urv/pdbbind_like/URV/pqr/7GJ3_pocket.pqr,/home/mohamed/Studies/stage/TrabajoInvestigacion/data_urv/pdbbind_like/URV/refined/7GJ3/7GJ3_ligand.mol2
7GLD,True,existing,4665,4665,1155.0534000000002,True,31,30,3.4261999999999997,,/home/mohamed/Studies/stage/TrabajoInvestigacion/data_urv/pdbbind_like/URV/pqr/7GLD_pocket.pqr,/home/mohamed/Studies/stage/TrabajoInvestigacion/data_urv/pdbbind_like/URV/refined/7GLD/7GLD_ligand.mol2
7GNK,True,existing,4682,4682,1160.2532000000003,True,34,33,3.2358,,/home/mohamed/Studies/stage/TrabajoInvestigacion/data_urv/pdbbind_like/URV/pqr/7GNK_pocket.pqr,/home/mohamed/Studies/stage/TrabajoInvestigacion/data_urv/pdbbind_like/URV/refined/7GNK/7GNK_ligand.mol2
9GIJ,True,existing,4737,4737,1174.209199999998,True,35,33,3.8348000000000004,,/home/mohamed/Studies/stage/TrabajoInvestigacion/data_urv/pdbbind_like/URV/pqr/9GIJ_pocket.pqr,/home/mohamed/Studies/stage/TrabajoInvestigacion/data_urv/pdbbind_like/URV/refined/9GIJ/9GIJ_ligand.mol2
7GKV,True,existing,4608,4608,1142.067000000002,True,29,28,3.0680000000000005,,/home/mohamed/Studies/stage/TrabajoInvestigacion/data_urv/pdbbind_like/URV/pqr/7GKV_pocket.pqr,/home/mohamed/Studies/stage/TrabajoInvestigacion/data_urv/pdbbind_like/URV/refined/7GKV/7GKV_ligand.mol2
7GN8,True,existing,4665,4665,1155.0534000000002,True,31,30,3.2321000000000004,,/home/mohamed/Studies/stage/TrabajoInvestigacion/data_urv/pdbbind_like/URV/pqr/7GN8_pocket.pqr,/home/mohamed/Studies/stage/TrabajoInvestigacion/data_urv/pdbbind_like/URV/refined/7GN8/7GN8_ligand.mol2
7GNT,True,existing,4705,4705,1167.0163999999993,True,37,36,3.0881999999999996,,/home/mohamed/Studies/stage/TrabajoInvestigacion/data_urv/pdbbind_like/URV/pqr/7GNT_pocket.pqr,/home/mohamed/Studies/stage/TrabajoInvestigacion/data_urv/pdbbind_like/URV/refined/7GNT/7GNT_ligand.mol2
7GM2,True,existing,4665,4665,1154.8888000000006,True,34,34,4.255399999999999,,/home/mohamed/Studies/stage/TrabajoInvestigacion/data_urv/pdbbind_like/URV/pqr/7GM2_pocket.pqr,/home/mohamed/Studies/stage/TrabajoInvestigacion/data_urv/pdbbind_like/URV/refined/7GM2/7GM2_ligand.mol2
7EN8,True,existing,4682,4682,1160.5824,True,34,32,4.0729,,/home/mohamed/Studies/stage/TrabajoInvestigacion/data_urv/pdbbind_like/URV/pqr/7EN8_pocket.pqr,/home/mohamed/Studies/stage/TrabajoInvestigacion/data_urv/pdbbind_like/URV/refined/7EN8/7EN8_ligand.mol2
7EN9,True,existing,4682,4682,1160.5824,True,42,41,4.998699999999999,,/home/mohamed/Studies/stage/TrabajoInvestigacion/data_urv/pdbbind_like/URV/pqr/7EN9_pocket.pqr,/home/mohamed/Studies/stage/TrabajoInvestigacion/data_urv/pdbbind_like/URV/refined/7EN9/7EN9_ligand.mol2
8UDQ,True,existing,4615,4615,1143.9338000000016,True,45,45,4.846100000000001,,/home/mohamed/Studies/stage/TrabajoInvestigacion/data_urv/pdbbind_like/URV/pqr/8UDQ_pocket.pqr,/home/mohamed/Studies/stage/TrabajoInvestigacion/data_urv/pdbbind_like/URV/refined/8UDQ/8UDQ_ligand.mol2
7GL4,True,existing,4645,4645,1151.1606000000013,True,33,32,3.4204000000000003,,/home/mohamed/Studies/stage/TrabajoInvestigacion/data_urv/pdbbind_like/URV/pqr/7GL4_pocket.pqr,/home/mohamed/Studies/stage/TrabajoInvestigacion/data_urv/pdbbind_like/URV/refined/7GL4/7GL4_ligand.mol2
7GL2,True,existing,4665,4665,1155.0534000000002,True,33,32,3.1164,,/home/mohamed/Studies/stage/TrabajoInvestigacion/data_urv/pdbbind_like/URV/pqr/7GL2_pocket.pqr,/home/mohamed/Studies/stage/TrabajoInvestigacion/data_urv/pdbbind_like/URV/refined/7GL2/7GL2_ligand.mol2
7GLT,True,existing,4665,4665,1154.8888000000006,True,34,33,2.9241,,/home/mohamed/Studies/stage/TrabajoInvestigacion/data_urv/pdbbind_like/URV/pqr/7GLT_pocket.pqr,/home/mohamed/Studies/stage/TrabajoInvestigacion/data_urv/pdbbind_like/URV/refined/7GLT/7GLT_ligand.mol2
7GLJ,True,existing,4665,4665,1154.8888000000006,True,35,34,3.2442999999999995,,/home/mohamed/Studies/stage/TrabajoInvestigacion/data_urv/pdbbind_like/URV/pqr/7GLJ_pocket.pqr,/home/mohamed/Studies/stage/TrabajoInvestigacion/data_urv/pdbbind_like/URV/refined/7GLJ/7GLJ_ligand.mol2
7GN9,True,existing,4665,4665,1154.8888000000006,True,32,31,3.5886,,/home/mohamed/Studies/stage/TrabajoInvestigacion/data_urv/pdbbind_like/URV/pqr/7GN9_pocket.pqr,/home/mohamed/Studies/stage/TrabajoInvestigacion/data_urv/pdbbind_like/URV/refined/7GN9/7GN9_ligand.mol2
7GKS,True,existing,4615,4615,1144.0984000000012,True,33,32,2.7291000000000003,,/home/mohamed/Studies/stage/TrabajoInvestigacion/data_urv/pdbbind_like/URV/pqr/7GKS_pocket.pqr,/home/mohamed/Studies/stage/TrabajoInvestigacion/data_urv/pdbbind_like/URV/refined/7GKS/7GKS_ligand.mol2
7GNR,True,existing,4682,4682,1160.2532000000003,True,34,33,3.7526000000000006,,/home/mohamed/Studies/stage/TrabajoInvestigacion/data_urv/pdbbind_like/URV/pqr/7GNR_pocket.pqr,/home/mohamed/Studies/stage/TrabajoInvestigacion/data_urv/pdbbind_like/URV/refined/7GNR/7GNR_ligand.mol2
7GNB,True,existing,4665,4665,1155.0534000000002,True,35,35,4.2591,,/home/mohamed/Studies/stage/TrabajoInvestigacion/data_urv/pdbbind_like/URV/pqr/7GNB_pocket.pqr,/home/mohamed/Studies/stage/TrabajoInvestigacion/data_urv/pdbbind_like/URV/refined/7GNB/7GNB_ligand.mol2
8UR9,True,existing,4586,4586,1135.6576000000025,True,39,39,5.0972,,/home/mohamed/Studies/stage/TrabajoInvestigacion/data_urv/pdbbind_like/URV/pqr/8UR9_pocket.pqr,/home/mohamed/Studies/stage/TrabajoInvestigacion/data_urv/pdbbind_like/URV/refined/8UR9/8UR9_ligand.mol2
7N44,True,existing,4559,4559,1126.9428000000034,True,36,36,4.969500000000001,,/home/mohamed/Studies/stage/TrabajoInvestigacion/data_urv/pdbbind_like/URV/pqr/7N44_pocket.pqr,/home/mohamed/Studies/stage/TrabajoInvestigacion/data_urv/pdbbind_like/URV/refined/7N44/7N44_ligand.mol2
7GMS,True,existing,4665,4665,1155.2180000000003,True,38,38,3.7366999999999995,,/home/mohamed/Studies/stage/TrabajoInvestigacion/data_urv/pdbbind_like/URV/pqr/7GMS_pocket.pqr,/home/mohamed/Studies/stage/TrabajoInvestigacion/data_urv/pdbbind_like/URV/refined/7GMS/7GMS_ligand.mol2
7M8O,True,existing,4593,4593,1137.520800000003,True,37,37,4.769500000000001,,/home/mohamed/Studies/stage/TrabajoInvestigacion/data_urv/pdbbind_like/URV/pqr/7M8O_pocket.pqr,/home/mohamed/Studies/stage/TrabajoInvestigacion/data_urv/pdbbind_like/URV/refined/7M8O/7M8O_ligand.mol2
7GAW,True,existing,4665,4665,1154.8888000000006,True,33,32,2.9242,,/home/mohamed/Studies/stage/TrabajoInvestigacion/data_urv/pdbbind_like/URV/pqr/7GAW_pocket.pqr,/home/mohamed/Studies/stage/TrabajoInvestigacion/data_urv/pdbbind_like/URV/refined/7GAW/7GAW_ligand.mol2
7URB,True,existing,4757,4757,1175.786599999998,True,44,42,4.4636,,/home/mohamed/Studies/stage/TrabajoInvestigacion/data_urv/pdbbind_like/URV/pqr/7URB_pocket.pqr,/home/mohamed/Studies/stage/TrabajoInvestigacion/data_urv/pdbbind_like/URV/refined/7URB/7URB_ligand.mol2
7GNQ,True,existing,4712,4712,1167.0759999999996,True,38,37,3.9228000000000005,,/home/mohamed/Studies/stage/TrabajoInvestigacion/data_urv/pdbbind_like/URV/pqr/7GNQ_pocket.pqr,/home/mohamed/Studies/stage/TrabajoInvestigacion/data_urv/pdbbind_like/URV/refined/7GNQ/7GNQ_ligand.mol2
8UDX,True,existing,4634,4634,1148.4880000000019,True,50,50,5.390099999999999,,/home/mohamed/Studies/stage/TrabajoInvestigacion/data_urv/pdbbind_like/URV/pqr/8UDX_pocket.pqr,/home/mohamed/Studies/stage/TrabajoInvestigacion/data_urv/pdbbind_like/URV/refined/8UDX/8UDX_ligand.mol2
7GNL,True,existing,4742,4742,1172.193199999998,True,42,41,4.1674999999999995,,/home/mohamed/Studies/stage/TrabajoInvestigacion/data_urv/pdbbind_like/URV/pqr/7GNL_pocket.pqr,/home/mohamed/Studies/stage/TrabajoInvestigacion/data_urv/pdbbind_like/URV/refined/7GNL/7GNL_ligand.mol2
7M91,True,existing,4654,4654,1150.9078000000015,True,35,35,5.388500000000001,,/home/mohamed/Studies/stage/TrabajoInvestigacion/data_urv/pdbbind_like/URV/pqr/7M91_pocket.pqr,/home/mohamed/Studies/stage/TrabajoInvestigacion/data_urv/pdbbind_like/URV/refined/7M91/7M91_ligand.mol2
7US4,True,existing,4708,4708,1168.3313999999984,True,42,35,3.4690000000000003,,/home/mohamed/Studies/stage/TrabajoInvestigacion/data_urv/pdbbind_like/URV/pqr/7US4_pocket.pqr,/home/mohamed/Studies/stage/TrabajoInvestigacion/data_urv/pdbbind_like/URV/refined/7US4/7US4_ligand.mol2
7M8P,True,existing,4608,4608,1142.2316000000017,True,38,38,4.9164,,/home/mohamed/Studies/stage/TrabajoInvestigacion/data_urv/pdbbind_like/URV/pqr/7M8P_pocket.pqr,/home/mohamed/Studies/stage/TrabajoInvestigacion/data_urv/pdbbind_like/URV/refined/7M8P/7M8P_ligand.mol2
8UDW,True,existing,4608,4608,1142.2316000000017,True,46,46,4.8519000000000005,,/home/mohamed/Studies/stage/TrabajoInvestigacion/data_urv/pdbbind_like/URV/pqr/8UDW_pocket.pqr,/home/mohamed/Studies/stage/TrabajoInvestigacion/data_urv/pdbbind_like/URV/refined/8UDW/8UDW_ligand.mol2
7GLV,True,existing,4665,4665,1155.0534000000002,True,30,29,3.5809999999999995,,/home/mohamed/Studies/stage/TrabajoInvestigacion/data_urv/pdbbind_like/URV/pqr/7GLV_pocket.pqr,/home/mohamed/Studies/stage/TrabajoInvestigacion/data_urv/pdbbind_like/URV/refined/7GLV/7GLV_ligand.mol2
7UR9,True,existing,4708,4708,1169.6433999999992,True,41,34,3.4651999999999994,,/home/mohamed/Studies/stage/TrabajoInvestigacion/data_urv/pdbbind_like/URV/pqr/7UR9_pocket.pqr,/home/mohamed/Studies/stage/TrabajoInvestigacion/data_urv/pdbbind_like/URV/refined/7UR9/7UR9_ligand.mol2
9GIL,True,existing,4883,4883,1205.3741999999972,True,36,36,4.182300000000001,,/home/mohamed/Studies/stage/TrabajoInvestigacion/data_urv/pdbbind_like/URV/pqr/9GIL_pocket.pqr,/home/mohamed/Studies/stage/TrabajoInvestigacion/data_urv/pdbbind_like/URV/refined/9GIL/9GIL_ligand.mol2
7L13,True,existing,4608,4608,1142.067000000002,True,37,37,4.5254,,/home/mohamed/Studies/stage/TrabajoInvestigacion/data_urv/pdbbind_like/URV/pqr/7L13_pocket.pqr,/home/mohamed/Studies/stage/TrabajoInvestigacion/data_urv/pdbbind_like/URV/refined/7L13/7L13_ligand.mol2
8DZ0,True,existing,4634,4634,1146.6994000000009,True,37,37,5.9818999999999996,,/home/mohamed/Studies/stage/TrabajoInvestigacion/data_urv/pdbbind_like/URV/pqr/8DZ0_pocket.pqr,/home/mohamed/Studies/stage/TrabajoInvestigacion/data_urv/pdbbind_like/URV/refined/8DZ0/8DZ0_ligand.mol2
8UDO,True,existing,4665,4665,1155.2179999999998,True,48,48,4.852099999999999,,/home/mohamed/Studies/stage/TrabajoInvestigacion/data_urv/pdbbind_like/URV/pqr/8UDO_pocket.pqr,/home/mohamed/Studies/stage/TrabajoInvestigacion/data_urv/pdbbind_like/URV/refined/8UDO/8UDO_ligand.mol2
8UDP,True,existing,4665,4665,1155.3826,True,47,47,4.8521,,/home/mohamed/Studies/stage/TrabajoInvestigacion/data_urv/pdbbind_like/URV/pqr/8UDP_pocket.pqr,/home/mohamed/Studies/stage/TrabajoInvestigacion/data_urv/pdbbind_like/URV/refined/8UDP/8UDP_ligand.mol2
8W1U,True,existing,4608,4608,1142.067000000002,True,34,33,2.8423,,/home/mohamed/Studies/stage/TrabajoInvestigacion/data_urv/pdbbind_like/URV/pqr/8W1U_pocket.pqr,/home/mohamed/Studies/stage/TrabajoInvestigacion/data_urv/pdbbind_like/URV/refined/8W1U/8W1U_ligand.mol2
7TEK,True,existing,4615,4615,1144.2630000000013,True,29,29,2.3004999999999995,,/home/mohamed/Studies/stage/TrabajoInvestigacion/data_urv/pdbbind_like/URV/pqr/7TEK_pocket.pqr,/home/mohamed/Studies/stage/TrabajoInvestigacion/data_urv/pdbbind_like/URV/refined/7TEK/7TEK_ligand.mol2
7TEL,True,existing,4615,4615,1144.0984000000017,True,34,32,3.0023999999999993,,/home/mohamed/Studies/stage/TrabajoInvestigacion/data_urv/pdbbind_like/URV/pqr/7TEL_pocket.pqr,/home/mohamed/Studies/stage/TrabajoInvestigacion/data_urv/pdbbind_like/URV/refined/7TEL/7TEL_ligand.mol2
8Y42,True,existing,4615,4615,1144.0984000000012,True,37,37,4.469999999999999,,/home/mohamed/Studies/stage/TrabajoInvestigacion/data_urv/pdbbind_like/URV/pqr/8Y42_pocket.pqr,/home/mohamed/Studies/stage/TrabajoInvestigacion/data_urv/pdbbind_like/URV/refined/8Y42/8Y42_ligand.mol2
8Y44,True,existing,4645,4645,1151.325200000001,True,39,39,5.380800000000002,,/home/mohamed/Studies/stage/TrabajoInvestigacion/data_urv/pdbbind_like/URV/pqr/8Y44_pocket.pqr,/home/mohamed/Studies/stage/TrabajoInvestigacion/data_urv/pdbbind_like/URV/refined/8Y44/8Y44_ligand.mol2
8YLS,True,existing,4682,4682,1160.0886000000007,True,31,31,5.0398000000000005,,/home/mohamed/Studies/stage/TrabajoInvestigacion/data_urv/pdbbind_like/URV/pqr/8YLS_pocket.pqr,/home/mohamed/Studies/stage/TrabajoInvestigacion/data_urv/pdbbind_like/URV/refined/8YLS/8YLS_ligand.mol2
8ZT9,True,existing,4640,4640,1152.6144000000004,True,39,39,5.812699999999999,,/home/mohamed/Studies/stage/TrabajoInvestigacion/data_urv/pdbbind_like/URV/pqr/8ZT9_pocket.pqr,/home/mohamed/Studies/stage/TrabajoInvestigacion/data_urv/pdbbind_like/URV/refined/8ZT9/8ZT9_ligand.mol2
8ZUB,True,existing,4678,4678,1160.9711999999995,True,41,40,5.808899999999999,,/home/mohamed/Studies/stage/TrabajoInvestigacion/data_urv/pdbbind_like/URV/pqr/8ZUB_pocket.pqr,/home/mohamed/Studies/stage/TrabajoInvestigacion/data_urv/pdbbind_like/URV/refined/8ZUB/8ZUB_ligand.mol2
9DDF,True,existing,4608,4608,1142.067000000002,True,31,30,3.576300000000001,,/home/mohamed/Studies/stage/TrabajoInvestigacion/data_urv/pdbbind_like/URV/pqr/9DDF_pocket.pqr,/home/mohamed/Studies/stage/TrabajoInvestigacion/data_urv/pdbbind_like/URV/refined/9DDF/9DDF_ligand.mol2
9DDG,True,existing,4615,4615,1144.2630000000013,True,32,32,3.8614,,/home/mohamed/Studies/stage/TrabajoInvestigacion/data_urv/pdbbind_like/URV/pqr/9DDG_pocket.pqr,/home/mohamed/Studies/stage/TrabajoInvestigacion/data_urv/pdbbind_like/URV/refined/9DDG/9DDG_ligand.mol2
9G0H,True,existing,4759,4759,1181.0717999999981,True,37,37,3.5698,,/home/mohamed/Studies/stage/TrabajoInvestigacion/data_urv/pdbbind_like/URV/pqr/9G0H_pocket.pqr,/home/mohamed/Studies/stage/TrabajoInvestigacion/data_urv/pdbbind_like/URV/refined/9G0H/9G0H_ligand.mol2
9G0I,True,existing,4791,4791,1186.337799999998,True,37,37,3.5698,,/home/mohamed/Studies/stage/TrabajoInvestigacion/data_urv/pdbbind_like/URV/pqr/9G0I_pocket.pqr,/home/mohamed/Studies/stage/TrabajoInvestigacion/data_urv/pdbbind_like/URV/refined/9G0I/9G0I_ligand.mol2
9HAJ,True,existing,4754,4754,1173.6289999999992,True,31,31,3.3794,,/home/mohamed/Studies/stage/TrabajoInvestigacion/data_urv/pdbbind_like/URV/pqr/9HAJ_pocket.pqr,/home/mohamed/Studies/stage/TrabajoInvestigacion/data_urv/pdbbind_like/URV/refined/9HAJ/9HAJ_ligand.mol2
9HAK,True,existing,4810,4810,1188.250799999999,True,33,33,3.3886999999999996,,/home/mohamed/Studies/stage/TrabajoInvestigacion/data_urv/pdbbind_like/URV/pqr/9HAK_pocket.pqr,/home/mohamed/Studies/stage/TrabajoInvestigacion/data_urv/pdbbind_like/URV/refined/9HAK/9HAK_ligand.mol2
9HJH,True,existing,4825,4825,1195.9427999999973,True,31,31,3.3771000000000004,,/home/mohamed/Studies/stage/TrabajoInvestigacion/data_urv/pdbbind_like/URV/pqr/9HJH_pocket.pqr,/home/mohamed/Studies/stage/TrabajoInvestigacion/data_urv/pdbbind_like/URV/refined/9HJH/9HJH_ligand.mol2
9KSI,True,existing,4676,4676,1156.9524000000006,True,45,45,6.914600000000001,,/home/mohamed/Studies/stage/TrabajoInvestigacion/data_urv/pdbbind_like/URV/pqr/9KSI_pocket.pqr,/home/mohamed/Studies/stage/TrabajoInvestigacion/data_urv/pdbbind_like/URV/refined/9KSI/9KSI_ligand.mol2
9KSK,True,existing,4608,4608,1142.3962000000017,True,46,46,6.364600000000001,,/home/mohamed/Studies/stage/TrabajoInvestigacion/data_urv/pdbbind_like/URV/pqr/9KSK_pocket.pqr,/home/mohamed/Studies/stage/TrabajoInvestigacion/data_urv/pdbbind_like/URV/refined/9KSK/9KSK_ligand.mol2
9LVR,True,existing,4558,4558,1126.2186000000027,True,34,34,4.482099999999999,,/home/mohamed/Studies/stage/TrabajoInvestigacion/data_urv/pdbbind_like/URV/pqr/9LVR_pocket.pqr,/home/mohamed/Studies/stage/TrabajoInvestigacion/data_urv/pdbbind_like/URV/refined/9LVR/9LVR_ligand.mol2
9MVM,True,existing,4696,4696,1166.231199999999,True,23,23,3.2729,,/home/mohamed/Studies/stage/TrabajoInvestigacion/data_urv/pdbbind_like/URV/pqr/9MVM_pocket.pqr,/home/mohamed/Studies/stage/TrabajoInvestigacion/data_urv/pdbbind_like/URV/refined/9MVM/9MVM_ligand.mol2
9NU6,True,existing,4608,4608,1142.3962000000013,True,40,40,5.499599999999999,,/home/mohamed/Studies/stage/TrabajoInvestigacion/data_urv/pdbbind_like/URV/pqr/9NU6_pocket.pqr,/home/mohamed/Studies/stage/TrabajoInvestigacion/data_urv/pdbbind_like/URV/refined/9NU6/9NU6_ligand.mol2
9VS1,True,existing,4682,4682,1160.6851999999992,True,40,40,6.1027,,/home/mohamed/Studies/stage/TrabajoInvestigacion/data_urv/pdbbind_like/URV/pqr/9VS1_pocket.pqr,/home/mohamed/Studies/stage/TrabajoInvestigacion/data_urv/pdbbind_like/URV/refined/9VS1/9VS1_ligand.mol2
